13471	26CTX081-1	印花	建业印花		裁片印花	1.00	1.00	成衣
11994	AL136	绣花	冠鑫绣花厂		口袋绣花	14.00	1.00	成衣
11994	AL136	辅料	凯凌增原辅料			1.50	1.00	成衣
12456	AL160	印花	友谊印花厂			4.00	1.00	成衣
12639	AL169	印花	新颖丝网印花厂			13.00	1.00	成衣
12639	AL169	辅料	凯凌增原辅料			1.50	1.00	成衣
12640	AL170	印花	新颖丝网印花厂			5.00	1.00	成衣
12640	AL170	辅料	凯凌增原辅料		辅料	1.50	1.00	成衣
13648	AL172-01	直喷	佳信数码印花			20.00	1.00	成衣
13648	AL172-01	辅料	凯凌增原辅料		辅料	1.50	1.00	成衣
13648	AL172-01	洗水厂	骏业洗水厂			2.50	1.00	成衣
12913	AL180	烫画	彩旗烫画印花厂			2.50	1.00	成衣
12913	AL180	辅料	凯凌增原辅料		辅料	1.50	1.00	成衣
12914	AL181	烫画	彩旗烫画印花厂			4.00	1.00	成衣
12914	AL181	辅料	凯凌增原辅料		辅料	1.50	1.00	成衣
12915	AL182	烫画	彩旗烫画印花厂			2.50	1.00	成衣
12915	AL182	辅料	凯凌增原辅料		辅料	1.50	1.00	成衣
13611	AL196	烫画	彩旗烫画印花厂			5.00	1.00	成衣
13611	AL196	辅料	凯凌增原辅料		辅料	1.50	1.00	成衣
13617	AL197	绣花	洪轩绣花厂			28.00	1.00	成衣
13617	AL197	烫画	彩旗烫画印花厂			26.00	1.00	成衣
13617	AL197	辅料	凯凌增原辅料		辅料	1.50	1.00	成衣
13622	AL198	烫画	彩旗烫画印花厂			0.00	1.00	成衣
13622	AL198	辅料	凯凌增原辅料		辅料	1.50	1.00	成衣
13623	AL199	烫画	彩旗烫画印花厂			3.00	1.00	成衣
13623	AL199	辅料	凯凌增原辅料		辅料	1.50	1.00	成衣
13626	AL200	辅料	凯凌增原辅料		辅料	1.50	1.00	成衣
13635	AL201	辅料	凯凌增原辅料		辅料	1.50	1.00	成衣
13650	AL203	烫画	彩旗烫画印花厂			15.00	1.00	成衣
13650	AL203	辅料	凯凌增原辅料		辅料	1.50	1.00	成衣
13646	AL204	直喷	佳信数码印花			25.00	1.00	成衣
13646	AL204	辅料	凯凌增原辅料		辅料	1.50	1.00	成衣
13660	AL205	绣花	洪轩绣花厂			10.00	1.00	成衣
13660	AL205	辅料	凯凌增原辅料		辅料	1.50	1.00	成衣
13677	AL206	绣花	洪轩绣花厂			28.00	1.00	成衣
13677	AL206	辅料	凯凌增原辅料		辅料	1.50	1.00	成衣
13678	AL207	直喷	肖保华			23.00	0.68	成衣
13678	AL207	辅料	凯凌增原辅料		辅料	1.50	1.00	成衣
13679	AL208	直喷	肖保华			23.00	0.38	成衣
13679	AL208	辅料	凯凌增原辅料		辅料	1.50	1.00	成衣
13662	AL209	辅料	凯凌增原辅料		辅料	1.50	1.00	成衣
13681	AL210	辅料	凯凌增原辅料		辅料	1.50	1.00	成衣
13682	AL211	直喷	佳信数码印花			25.00	1.00	成衣
13682	AL211	辅料	凯凌增原辅料			1.50	1.00	成衣
13683	AL212	辅料	凯凌增原辅料		辅料	1.50	1.00	成衣
13713	AL213	烫画	彩旗烫画印花厂			2.50	1.00	成衣
13713	AL213	辅料	凯凌增原辅料		辅料	1.50	1.00	成衣
13887	AL214	绣花	洪轩绣花厂			8.00	1.00	成衣
13887	AL214	辅料	凯凌增原辅料		辅料	1.50	1.00	成衣
13886	AL215	绣花	洪轩绣花厂			8.00	1.00	成衣
13886	AL215	辅料	凯凌增原辅料		辅料	1.50	1.00	成衣
13895	AL218	辅料	凯凌增原辅料		辅料	1.50	1.00	成衣
6115	AM024	辅料	鼎华（嘉华）服装包装实业		主麦，洗水唛，吊牌，胶袋纸箱	1.00	1.00	成衣
13591	AMY-01-3	烫画	彩旗烫画印花厂			5.50	1.00	成衣
13591	AMY-01-3	辅料	凯凌增原辅料			1.50	1.00	成衣
13808	DH1001S	辅料	凯凌增原辅料		辅料	1.50	1.00	成衣
13896	DH1002S	绣花	洪轩绣花厂			0.00	1.00	成衣
13896	DH1002S	辅料	凯凌增原辅料		辅料	1.50	1.00	成衣
13896	DH1002S	洗水厂	洁创洗水厂		1件	5.00	1.00	成衣
13898	DH1005S	绣花	洪轩绣花厂			0.00	1.00	成衣
13898	DH1005S	直喷	佳信数码印花			15.00	1.00	成衣
13898	DH1005S	辅料	凯凌增原辅料		辅料	1.50	1.00	成衣
7473	DH501S	绣花	炬辉绣花厂			2.50	1.00	成衣
7473	DH501S	辅料	凯凌增原辅料		辅料	1.50	1.00	成衣
10875	DH811S	辅料	凯凌增原辅料		辅料	1.50	1.00	成衣
12211	DH925S	辅料	凯凌增原辅料		辅料	1.50	1.00	成衣
12275	DH927K	辅料	凯凌增原辅料		辅料	1.50	1.00	成衣
12844	DH943S	烫画	彩旗烫画印花厂			8.50	1.00	成衣
12844	DH943S	辅料	凯凌增原辅料		辅料	1.50	1.00	成衣
12866	DH944S	烫画	彩旗烫画印花厂			8.50	1.00	成衣
12866	DH944S	辅料	凯凌增原辅料		辅料	1.50	1.00	成衣
13069	DH949	打揽	恒力打揽			3.00	1.00	成衣
13069	DH949	辅料	凯凌增原辅料			1.50	1.00	成衣
13512	DH967K	辅料	凯凌增原辅料		辅料	1.50	1.00	成衣
13548	DH968S	绣花	洪轩绣花厂			10.00	1.00	成衣
13548	DH968S	辅料	凯凌增原辅料		辅料	1.50	1.00	成衣
13605	DH978	打揽	恒力打揽			3.50	1.00	成衣
13605	DH978	辅料	凯凌增原辅料		辅料	1.50	1.00	成衣
13640	DH979S	辅料	凯凌增原辅料		辅料	1.50	1.00	成衣
13640	DH979S	数码印花	友谊印花厂			25.50	1.00	成衣
13692	DH983S	直喷	祺盛印花			16.00	0.90	成衣
13692	DH983S	辅料	凯凌增原辅料		辅料	1.50	1.00	成衣
13695	DH984S	直喷	祺盛印花			16.00	0.90	成衣
13695	DH984S	辅料	凯凌增原辅料		辅料	1.50	1.00	成衣
13722	DH986D	辅料	凯凌增原辅料		辅料	1.50	1.00	成衣
13723	DH987S	辅料	凯凌增原辅料		辅料	1.50	1.00	成衣
13724	DH988K	辅料	凯凌增原辅料		辅料	1.50	1.00	成衣
13732	DH990S	绣花	炬辉绣花厂			6.50	1.00	成衣
13732	DH990S	辅料	凯凌增原辅料		辅料	1.50	1.00	成衣
13739	DH991S	数码印花	友谊印花厂			21.00	1.00	成衣
13739	DH991S	辅料	凯凌增原辅料		辅料	1.50	1.00	成衣
13765	DH993S	辅料	凯凌增原辅料		辅料	1.50	1.00	成衣
13810	DH996S	辅料	凯凌增原辅料		辅料	1.50	1.00	成衣
13809	DH997S	辅料	凯凌增原辅料		辅料	1.50	1.00	成衣
12705	EL105-1	烫钻	彩旗烫画印花厂			90.00	1.00	成衣
12705	EL105-1	辅料	凯凌增原辅料		辅料	1.50	1.00	成衣
13667	EL127	烫画	彩旗烫画印花厂			4.50	1.00	成衣
13667	EL127	辅料	凯凌增原辅料		辅料	1.50	1.00	成衣
13668	EL128	烫画	彩旗烫画印花厂			4.00	1.00	成衣
13668	EL128	辅料	凯凌增原辅料		辅料	1.50	1.00	成衣
13672	EL129	绣花	洪轩绣花厂			10.00	1.00	成衣
13672	EL129	辅料	凯凌增原辅料		辅料	1.50	1.00	成衣
13673	EL130	绣花	洪轩绣花厂			8.00	1.00	成衣
13673	EL130	辅料	凯凌增原辅料		辅料	1.50	1.00	成衣
13674	EL131	绣花	全秀绣花厂			8.00	1.00	成衣
13674	EL131	辅料	凯凌增原辅料		辅料	1.50	1.00	成衣
13675	EL132	绣花	洪轩绣花厂			10.00	1.00	成衣
13675	EL132	辅料	凯凌增原辅料		辅料	1.50	1.00	成衣
13725	EL133	烫画	彩旗烫画印花厂			5.00	1.00	成衣
13725	EL133	辅料	凯凌增原辅料		辅料	1.50	1.00	成衣
13733	EL134	绣花	洪轩绣花厂			16.00	1.00	成衣
13733	EL134	辅料	凯凌增原辅料		辅料	1.50	1.00	成衣
13762	EL135	绣花	洪轩绣花厂			12.00	1.00	成衣
13762	EL135	辅料	凯凌增原辅料			1.50	1.00	成衣
13783	EL140	烫画	彩旗烫画印花厂			2.00	1.00	成衣
13783	EL140	辅料	凯凌增原辅料		辅料	1.50	1.00	成衣
13784	EL141	烫钻	彩旗烫画印花厂			27.00	1.00	成衣
13784	EL141	辅料	凯凌增原辅料		辅料	1.50	1.00	成衣
13875	EL145	直喷	佳信数码印花			22.00	1.00	成衣
13875	EL145	辅料	凯凌增原辅料		辅料	1.50	1.00	成衣
13876	EL146	直喷	佳信数码印花			20.00	1.00	成衣
13876	EL146	辅料	凯凌增原辅料		辅料	1.50	1.00	成衣
11583	Er014	印花	友谊印花厂		裁片发泡	18.00	1.00	成衣
11583	Er014	辅料	凯凌增原辅料		辅料	1.50	1.00	成衣
11638	Er017	直喷	佳信数码印花		裁片直喷	10.00	1.00	成衣
11638	Er017	洗水	骏业洗水厂		坯布洗水	2.00	0.90	成衣
10052	ER082	绣花	冠鑫绣花厂		帽子绣花	4.00	1.00	成衣
10052	ER082	直喷	佳信数码印花		前幅直喷	12.00	1.00	成衣
12963	Er085	印花	佳信数码印花			12.00	1.00	成衣
13612	Er101	印花	彩旗烫画印花厂			10.00	1.00	成衣
13658	Er102S	复合朴	凯杰儭布膊棉厂（复合）			3.00	2.00	成衣
13740	Er104	绣花	全秀绣花厂		左右袖子绣花，后幅，	40.00	1.00	成衣
13740	Er104	烫画	彩旗烫画印花厂		前副烫画	2.00	1.00	成衣
13745	Er106K	直喷	佳信数码印花		左右前副直喷	18.00	1.00	成衣
13744	Er106S	直喷	佳信数码印花		前副直喷	14.00	1.00	成衣
13757	Er107	直喷	佳信数码印花			10.00	1.00	成衣
13770	Er108	印花	友谊印花厂			8.00	1.00	成衣
13781	Er109	直喷	佳信数码印花		后幅直喷	12.00	1.00	成衣
13781	Er109	绣花	冠鑫绣花厂		前后绣花	10.00	1.00	成衣
13871	Er111	直喷	佳信数码印花			12.00	1.00	成衣
13787	Er112	印花	友谊印花厂		丝印	6.00	1.00	成衣
13869	Er113S	直喷	佳信数码印花			22.00	1.00	成衣
13888	Er114	绣花	冠鑫绣花厂			20.00	1.00	成衣
13758	FO160	绣花	洪轩绣花厂			38.00	1.00	成衣
13758	FO160	辅料	凯凌增原辅料		辅料	1.50	1.00	成衣
13760	FO161	绣花	洪轩绣花厂			0.00	1.00	成衣
13760	FO161	辅料	凯凌增原辅料		辅料	1.50	1.00	成衣
13761	FO162	绣花	洪轩绣花厂			0.00	1.00	成衣
13761	FO162	辅料	凯凌增原辅料		辅料	1.50	1.00	成衣
8962	FY0027	绣花	炬辉绣花厂			3.50	1.00	成衣
8962	FY0027	辅料	凯凌增原辅料		辅料	1.50	1.00	成衣
13094	GK274	辅料	凯凌增原辅料			1.50	1.00	成衣
13094	GK274	烫画	彩旗烫画印花厂			5.00	1.00	成衣
13180	GK279-S	绣花	洪轩绣花厂			12.00	1.00	成衣
13180	GK279-S	数码印花	友谊印花厂			10.00	1.00	成衣
13180	GK279-S	辅料	凯凌增原辅料		辅料	1.50	1.00	成衣
13180	GK279-S	烫钻	彩旗烫画印花厂			22.00	1.00	成衣
13651	GK282	数码印花	友谊印花厂			0.00	1.00	成衣
13651	GK282	辅料	凯凌增原辅料		辅料	1.50	1.00	成衣
13652	GK283	数码印花	友谊印花厂			0.00	1.00	成衣
13652	GK283	辅料	凯凌增原辅料		辅料	1.50	1.00	成衣
13714	GK287	数码印花	友谊印花厂			8.00	1.00	成衣
13714	GK287	辅料	凯凌增原辅料		辅料	1.50	1.00	成衣
13715	GK288	数码印花	友谊印花厂			8.00	1.00	成衣
13715	GK288	辅料	凯凌增原辅料		辅料	1.50	1.00	成衣
12491	HY198	包扣	金点包扣		成衣打炮珠	32.00	1.00	成衣
13604	HY229	印花	彩旗烫画印花厂			7.00	1.00	成衣
13769	HY231	印花	彩旗烫画印花厂			7.00	1.00	成衣
13665	IS2604406	辅料	鼎华（嘉华）服装包装实业		主唛，吊牌，洗水唛，胶袋，纸箱	2.00	1.00	成衣
13663	IS2604437	辅料	鼎华（嘉华）服装包装实业		主唛，吊牌，洗水唛，胶袋，纸箱	2.00	1.00	成衣
13768	IS2604439	辅料	唛头 明新辅料		吊牌，主唛，胶袋，纸箱，洗水唛	2.00	1.00	成衣
13664	IS2604464	辅料	鼎华（嘉华）服装包装实业		主唛，吊牌，洗水唛，胶袋，纸箱	2.00	1.00	成衣
13767	IS2604468	辅料	唛头 明新辅料		吊牌，主唛，胶袋，纸箱，洗水唛	2.00	1.00	成衣
13721	IS2604470	辅料	鼎华（嘉华）服装包装实业		主唛，吊牌，洗水唛，胶袋，纸箱	2.00	1.00	成衣
13726	IS2604492	辅料	唛头 明新辅料		主唛，吊牌，洗水唛，胶袋，纸箱	2.00	1.00	成衣
13720	IS2604493	辅料	唛头 明新辅料		主唛，吊牌，洗水唛，胶袋，纸箱	2.00	1.00	成衣
13780	IS2604494	辅料	唛头 明新辅料		主唛，吊牌，洗水唛，胶袋，纸箱	2.00	1.00	成衣
1237	J001	辅料			挂牌，胶袋 ，贴纸，防潮济，拷贝纸，纸箱	1.00	1.00	成衣
13434	JE018	绣花	洪轩绣花厂			23.00	1.00	成衣
13434	JE018	数码印花	友谊印花厂			28.50	1.00	成衣
13434	JE018	辅料	凯凌增原辅料		辅料	1.50	1.00	成衣
13475	JE021	绣花	全秀绣花厂			25.00	1.00	成衣
13475	JE021	辅料	凯凌增原辅料			1.50	1.00	成衣
13490	JE022	绣花	全秀绣花厂			28.00	1.00	成衣
13490	JE022	辅料	凯凌增原辅料		辅料	1.50	1.00	成衣
13694	JE024	绣花	洪轩绣花厂			13.00	1.00	成衣
13694	JE024	辅料	凯凌增原辅料		辅料	1.50	1.00	成衣
7033	JQ1033	直喷	肖保华			23.00	0.66	成衣
7033	JQ1033	辅料	凯凌增原辅料		辅料	1.50	1.00	成衣
7378	JQ1064	数码印花	佳信数码印花			6.00	0.10	成衣
7378	JQ1064	激光	博艺激光厂			1.00	1.00	成衣
7378	JQ1064	辅料	凯凌增原辅料		辅料·	1.50	1.00	成衣
8611	JQ1170	直喷	肖保华			23.00	1.53	成衣
8611	JQ1170	辅料	凯凌增原辅料		辅料	1.50	1.00	成衣
13693	JQ1216L	辅料	凯凌增原辅料		辅料	1.50	1.00	成衣
10168	JQ1422	辅料	凯凌增原辅料		辅料	1.50	1.00	成衣
13625	JQ1422L	辅料	凯凌增原辅料		辅料	1.50	1.00	成衣
10222	JQ1428	绣花	炬辉绣花厂			3.50	1.00	成衣
10222	JQ1428	辅料	凯凌增原辅料		辅料	1.50	1.00	成衣
10223	JQ1429	辅料	凯凌增原辅料		辅料	1.50	1.00	成衣
10223	JQ1429	绣花	炬辉绣花厂			3.50	1.00	成衣
10447	JQ1464	直喷	肖保华			23.00	0.66	成衣
10447	JQ1464	辅料	凯凌增原辅料		辅料	1.50	1.00	成衣
11781	JQ1512	辅料	凯凌增原辅料		辅料	1.50	1.00	成衣
11833	JQ1514	辅料	凯凌增原辅料		辅料	1.50	1.00	成衣
11833	JQ1514	直喷	肖保华			23.00	1.80	成衣
11867	JQ1516	辅料	凯凌增原辅料		辅料	1.50	1.00	成衣
11870	JQ1519	直喷	肖保华			23.00	1.43	成衣
11870	JQ1519	辅料	凯凌增原辅料		辅料	1.50	1.00	成衣
12062	JQ1526	辅料	凯凌增原辅料		辅料	1.50	1.00	成衣
12062	JQ1526	洗水厂	骏业洗水厂			4.50	0.80	成衣
12149	JQ1530	烧花	友谊印花厂		钢印	8.00	1.00	成衣
12149	JQ1530	辅料	凯凌增原辅料		辅料	1.50	1.00	成衣
12150	JQ1531	烧花	友谊印花厂		钢印	8.00	1.00	成衣
12150	JQ1531	辅料	凯凌增原辅料		辅料	1.50	1.00	成衣
13598	JQ1534S	直喷	肖保华			23.00	1.40	成衣
13598	JQ1534S	辅料	凯凌增原辅料		辅料	1.50	1.00	成衣
12787	JQ1552	辅料	凯凌增原辅料		辅料	1.50	1.00	成衣
13731	JQ1552D	辅料	凯凌增原辅料		辅料	1.50	1.00	成衣
12861	JQ1554	辅料	凯凌增原辅料		辅料	1.50	1.00	成衣
13205	JQ1554L	辅料	凯凌增原辅料		辅料	1.50	1.00	成衣
13013	JQ1561	直喷	港源麻棉			23.00	1.35	成衣
13013	JQ1561	辅料	凯凌增原辅料		辅料	1.50	1.00	成衣
13301	JQ1568	数码印花	聚源印花		钢印	15.00	1.00	成衣
13301	JQ1568	绣花	洪轩绣花厂			15.00	1.00	成衣
13301	JQ1568	辅料	凯凌增原辅料		辅料	1.50	1.00	成衣
13321	JQ1569	数码印花	佳信数码印花			6.00	0.38	成衣
13321	JQ1569	辅料	凯凌增原辅料		辅料	1.50	1.00	成衣
13367	JQ1571	辅料	凯凌增原辅料		辅料	1.50	1.00	成衣
13368	JQ1572	辅料	凯凌增原辅料		辅料	1.50	1.00	成衣
13369	JQ1573	辅料	凯凌增原辅料		辅料	1.50	1.00	成衣
13381	JQ1585	辅料	凯凌增原辅料		辅料	1.50	1.00	成衣
13386	JQ1587Q	辅料	凯凌增原辅料		辅料	1.50	1.00	成衣
13385	JQ1587S	辅料	凯凌增原辅料		辅料	1.50	1.00	成衣
13387	JQ1588	辅料	凯凌增原辅料		辅料	1.50	1.00	成衣
13389	JQ1589Q	辅料	凯凌增原辅料		辅料	1.50	1.00	成衣
13388	JQ1589S	辅料	凯凌增原辅料		辅料	1.50	1.00	成衣
13392	JQ1591	辅料	凯凌增原辅料		辅料	1.50	1.00	成衣
13394	JQ1592	辅料	凯凌增原辅料		辅料	1.50	1.00	成衣
13395	JQ1593	辅料	凯凌增原辅料		辅料	1.50	1.00	成衣
13396	JQ1594	辅料	凯凌增原辅料		辅料	1.50	1.00	成衣
13403	JQ1597	辅料	凯凌增原辅料		辅料	1.50	1.00	成衣
13508	JQ1603	数码印花	彩旗烫画印花厂			9.50	1.00	成衣
13508	JQ1603	辅料	凯凌增原辅料		辅料	1.50	1.00	成衣
13509	JQ1604	数码印花	彩旗烫画印花厂			13.00	1.00	成衣
13509	JQ1604	辅料	凯凌增原辅料		辅料	1.50	1.00	成衣
13535	JQ1606	烫画	彩旗烫画印花厂			3.00	1.00	成衣
13535	JQ1606	绣花	全秀绣花厂			8.00	1.00	成衣
13535	JQ1606	辅料	凯凌增原辅料		辅料	1.50	1.00	成衣
13536	JQ1607	绣花	全秀绣花厂			8.00	1.00	成衣
13536	JQ1607	烫画	彩旗烫画印花厂			2.50	1.00	成衣
13536	JQ1607	辅料	凯凌增原辅料		辅料	1.50	1.00	成衣
13547	JQ1608	辅料	凯凌增原辅料		辅料	1.50	1.00	成衣
13550	JQ1610	绣花	全秀绣花厂			45.00	1.00	成衣
13550	JQ1610	辅料	凯凌增原辅料		辅料	1.50	1.00	成衣
13551	JQ1611	绣花	全秀绣花厂			65.00	1.00	成衣
13551	JQ1611	辅料	凯凌增原辅料		辅料	1.50	1.00	成衣
13552	JQ1612	直喷	佳信数码印花			20.00	1.00	成衣
13552	JQ1612	辅料	凯凌增原辅料		辅料	1.50	1.00	成衣
13564	JQ1613	辅料	凯凌增原辅料		辅料	1.50	1.00	成衣
13571	JQ1614	绣花	洪轩绣花厂			10.00	1.00	成衣
13571	JQ1614	辅料	凯凌增原辅料		辅料	1.50	1.00	成衣
13576	JQ1615	绣花	洪轩绣花厂			10.00	1.00	成衣
13576	JQ1615	辅料	凯凌增原辅料		辅料	1.50	1.00	成衣
13595	JQ1616	辅料	凯凌增原辅料		辅料	1.50	1.00	成衣
13596	JQ1617	辅料	凯凌增原辅料		辅料	1.50	1.00	成衣
13614	JQ1618	绣花	全秀绣花厂			22.00	1.00	成衣
13614	JQ1618	辅料	凯凌增原辅料			1.50	1.00	成衣
13615	JQ1619	绣花	全秀绣花厂			16.00	1.00	成衣
13615	JQ1619	辅料	凯凌增原辅料			1.50	1.00	成衣
13616	JQ1620	辅料	凯凌增原辅料		辅料	1.50	1.00	成衣
13627	JQ1622	直喷	港源麻棉			19.00	1.47	成衣
13627	JQ1622	辅料	凯凌增原辅料		辅料	1.50	1.00	成衣
13630	JQ1623	辅料	凯凌增原辅料		辅料	1.50	1.00	成衣
13630	JQ1623	激光	博艺激光厂			4.50	1.00	成衣
13661	JQ1624	直喷	佳信数码印花			50.00	1.00	成衣
13661	JQ1624	辅料	凯凌增原辅料		辅料	1.50	1.00	成衣
13670	JQ1625	辅料	凯凌增原辅料		辅料	1.50	1.00	成衣
13671	JQ1626	辅料	凯凌增原辅料		辅料	1.50	1.00	成衣
13698	JQ1628	烫画	彩旗烫画印花厂			7.50	1.00	成衣
13698	JQ1628	辅料	凯凌增原辅料		辅料	1.50	1.00	成衣
13699	JQ1629	辅料	凯凌增原辅料		辅料	1.50	1.00	成衣
13736	JQ1630	直喷	佳信数码印花			20.00	1.00	成衣
13736	JQ1630	辅料	凯凌增原辅料		辅料	1.50	1.00	成衣
13843	JQ1634	烫画	彩旗烫画印花厂			7.50	1.00	成衣
13843	JQ1634	辅料	凯凌增原辅料		辅料	1.50	1.00	成衣
13842	JQ1635	烫画	彩旗烫画印花厂			7.50	1.00	成衣
13842	JQ1635	辅料	凯凌增原辅料		辅料	1.50	1.00	成衣
13849	JQ1636	绣花	冠鑫绣花厂		58	52.00	1.00	成衣
13849	JQ1636	辅料	凯凌增原辅料		辅料	1.50	1.00	成衣
13849	JQ1636	激光	博艺激光厂			3.00	1.00	成衣
13880	JQ1637	辅料	凯凌增原辅料		辅料	1.50	1.00	成衣
1489	JQ296	数码印花	佳信数码印花			23.00	1.00	成衣
1489	JQ296	辅料	凯凌增原辅料			1.50	1.00	成衣
11943	JQ437D	直喷	友谊印花厂		广州宇丰直喷	20.00	1.20	成衣
11943	JQ437D	辅料	凯凌增原辅料		主唛，洗水唛，胶带，装箱单，干燥剂，拷	1.50	1.00	成衣
13947	JQ437S	直喷	友谊印花厂		广州宇丰直喷	20.00	1.20	成衣
13947	JQ437S	辅料	凯凌增原辅料		主唛，洗水唛，胶带，装箱单，干燥剂，拷	1.50	1.00	成衣
5089	JQ741	辅料	凯凌增原辅料		主唛.码唛.洗水唛.吊牌.吊粒，胶袋，纸箱.拷贝纸	1.50	1.00	成衣
5090	JQ742	辅料	凯凌增原辅料		主唛.码唛.洗水唛.吊牌.吊粒.胶袋.纸箱.拷贝纸	1.50	1.00	成衣
5910	JQ905	辅料	凯凌增原辅料		辅料	1.50	1.00	成衣
5911	JQ906	直喷	肖保华			23.00	0.81	成衣
5911	JQ906	辅料	凯凌增原辅料		辅料	1.50	1.00	成衣
5971	JQ913	直喷	肖保华			23.00	0.20	成衣
5971	JQ913	辅料	凯凌增原辅料		辅料	1.50	1.00	成衣
10726	JQ928D	直喷	肖保华			23.00	0.90	成衣
10726	JQ928D	辅料	凯凌增原辅料		辅料	1.50	1.00	成衣
9419	JQ928Q	辅料	凯凌增原辅料		辅料	1.50	1.00	成衣
13754	JQ928S	直喷	肖保华			23.00	0.90	成衣
13754	JQ928S	辅料	凯凌增原辅料		辅料	1.50	1.00	成衣
11232	JU026	直喷	佳信数码印花		前副袖子直喷	22.00	1.00	成衣
13684	JU062	辅料	凯凌增原辅料		辅料	1.50	1.00	成衣
13718	JU063	辅料	凯凌增原辅料		辅料	1.50	1.00	成衣
13982	JU067	辅料	鼎华（嘉华）服装包装实业			2.00	2.00	成衣
10042	KK045	辅料	凯凌增原辅料		辅料	1.50	1.00	成衣
12736	KK252K	绣花	全秀绣花厂			9.00	1.00	成衣
12736	KK252K	辅料	凯凌增原辅料		辅料	1.50	1.00	成衣
12735	KK252S	绣花	全秀绣花厂			9.00	1.00	成衣
12735	KK252S	辅料	凯凌增原辅料		辅料	1.50	1.00	成衣
13245	KK276	辅料	凯凌增原辅料			1.50	1.00	成衣
13245	KK276	烫画	彩旗烫画印花厂		辅料	2.50	1.00	成衣
13422	KK286	洗水	骏业洗水厂		批布洗水	5.00	1.75	成衣
13435	KK288	洗水	骏业洗水厂		布料洗水	3.00	2.30	成衣
13610	KK295	绣花	冠鑫绣花厂			14.00	1.00	成衣
13719	KK296	辅料	凯凌增原辅料			1.50	1.00	成衣
11474	KR016	烫画	彩旗烫画印花厂			10.50	1.00	成衣
11474	KR016	辅料	凯凌增原辅料		辅料	1.50	1.00	成衣
13230	KR101	烫画	彩旗烫画印花厂			15.00	1.00	成衣
13230	KR101	辅料	凯凌增原辅料		辅料	1.50	1.00	成衣
13563	KR110	直喷	佳信数码印花			30.00	1.00	成衣
13563	KR110	辅料	凯凌增原辅料		辅料	1.50	1.00	成衣
13565	KR111	直喷	佳信数码印花			25.00	1.00	成衣
13565	KR111	辅料	凯凌增原辅料		辅料	1.50	1.00	成衣
13566	KR112	直喷	佳信数码印花			24.00	1.00	成衣
13566	KR112	辅料	凯凌增原辅料		辅料	1.50	1.00	成衣
13567	KR113	直喷	白墨直喷			23.00	1.00	成衣
13567	KR113	烫钻	彩旗烫画印花厂			9.00	1.00	成衣
13567	KR113	辅料	凯凌增原辅料			1.50	1.00	成衣
13568	KR114	直喷	佳信数码印花			25.00	1.00	成衣
13568	KR114	辅料	凯凌增原辅料		辅料	1.50	1.00	成衣
13569	KR115	直喷	佳信数码印花			25.00	1.00	成衣
13569	KR115	辅料	凯凌增原辅料		辅料	1.50	1.00	成衣
13570	KR116	辅料	凯凌增原辅料		辅料	1.50	1.00	成衣
13570	KR116	洗水厂	骏业洗水厂			5.50	0.37	成衣
13570	KR116	绣花	洪轩绣花厂			8.00	1.00	成衣
13580	KR117	数码印花	港源麻棉			6.00	1.62	成衣
13580	KR117	辅料	凯凌增原辅料		辅料	1.50	1.00	成衣
13742	KR118-S	直喷	港源麻棉			19.00	0.23	成衣
13742	KR118-S	辅料	凯凌增原辅料		辅料	1.50	1.00	成衣
13599	KR119-C	直喷	港源麻棉			19.00	0.14	成衣
13599	KR119-C	辅料	凯凌增原辅料		辅料	1.50	1.00	成衣
13590	KR119-K	直喷	港源麻棉			19.00	0.14	成衣
13590	KR119-K	辅料	凯凌增原辅料		辅料	1.50	1.00	成衣
13589	KR119-S	直喷	港源麻棉			19.00	0.39	成衣
13589	KR119-S	辅料	凯凌增原辅料			1.50	1.00	成衣
13629	KR120	绣花	全秀绣花厂			14.00	1.00	成衣
13629	KR120	辅料	凯凌增原辅料		辅料	1.50	1.00	成衣
13631	KR121	洗水厂	骏业洗水厂			25.00	1.00	成衣
13631	KR121	洗水厂	骏业洗水厂			4.50	1.17	成衣
13631	KR121	烫画	彩旗烫画印花厂			0.00	1.00	成衣
13631	KR121	辅料	凯凌增原辅料		辅料	1.50	1.00	成衣
13649	KR123	数码印花	友谊印花厂			10.00	1.00	成衣
13649	KR123	辅料	凯凌增原辅料		辅料	1.50	1.00	成衣
13712	KR126	绣花	洪轩绣花厂			6.00	1.00	成衣
13712	KR126	辅料	凯凌增原辅料		辅料	1.50	1.00	成衣
13716	KR127	辅料	凯凌增原辅料		辅料	1.50	1.00	成衣
13800	KR128	辅料	凯凌增原辅料		辅料	1.50	1.00	成衣
13881	KR129-K	数码印花	友谊印花厂			15.50	1.00	成衣
13881	KR129-K	辅料	凯凌增原辅料		辅料	1.50	1.00	成衣
13838	KR129-S	数码印花	友谊印花厂			15.50	1.00	成衣
13838	KR129-S	辅料	凯凌增原辅料		辅料	1.50	1.00	成衣
12920	LC419K	辅料	凯凌增原辅料		辅料	1.50	1.00	成衣
12819	LO012_new_1761630078	辅料	凯凌增原辅料		辅料	1.50	1.00	成衣
13778	LO028	辅料	凯凌增原辅料			1.50	1.00	成衣
13167	LO036童装	直喷	港源麻棉			23.00	0.56	成衣
13167	LO036童装	辅料	凯凌增原辅料		辅料	1.50	1.00	成衣
13168	LO037童装定制	数码印花	友谊印花厂			8.00	1.00	成衣
13168	LO037童装定制	辅料	凯凌增原辅料		辅料	1.50	1.00	成衣
13169	LO038	数码印花	友谊印花厂			10.50	1.00	成衣
13169	LO038	绣花	全秀绣花厂			10.00	1.00	成衣
13169	LO038	辅料	凯凌增原辅料		辅料	1.50	1.00	成衣
13196	LO039	直喷	肖保华			23.00	0.80	成衣
13196	LO039	辅料	凯凌增原辅料		辅料	1.50	1.00	成衣
13776	LO058	辅料	凯凌增原辅料		辅料	1.50	1.00	成衣
13777	LO059	辅料	凯凌增原辅料		辅料	1.50	1.00	成衣
13902	LO062	绣花	洪轩绣花厂			8.00	1.00	成衣
13902	LO062	数码印花	佳信数码印花			18.00	1.00	成衣
13748	LO077	辅料	凯凌增原辅料		辅料	1.50	1.00	成衣
13748	LO077	绣花	洪轩绣花厂			13.00	1.00	成衣
12303	MA011	印花	友谊印花厂		成衣丝印	25.00	1.00	成衣
12303	MA011	辅料	凯凌增原辅料		辅料	1.50	1.00	成衣
13642	ma036	辅料	凯凌增原辅料		辅料	1.50	1.00	成衣
13642	ma036	烫画	彩旗烫画印花厂			18.00	1.00	成衣
13772	ma040	绣花	洪轩绣花厂			28.00	1.00	成衣
13772	ma040	辅料	凯凌增原辅料		辅料	1.50	1.00	成衣
13901	ma043	辅料	凯凌增原辅料		辅料	1.50	1.00	成衣
7915	MG2501050	直喷	佳信数码印花		批布印花	5.50	1.60	成衣
7915	MG2501050	辅料	鼎华（嘉华）服装包装实业		主唛，吊牌，洗水唛，胶袋，纸箱	2.00	1.00	成衣
11581	MG2601675	辅料	唛头 明新辅料		主麦，吊牌，洗水唛，胶袋，纸箱	1.50	1.00	成衣
12798	MG2603670	辅料	鼎华（嘉华）服装包装实业		主唛，吊牌，洗水唛，胶袋，纸箱	2.00	1.00	成衣
13655	MG2604300	辅料	鼎华（嘉华）服装包装实业		主唛，吊牌，洗水唛，胶袋，纸箱	2.00	1.00	成衣
13657	MG2604350	辅料	鼎华（嘉华）服装包装实业		主唛，吊牌，洗水唛，胶袋，纸箱	2.00	1.00	成衣
13654	MG2604351	辅料	鼎华（嘉华）服装包装实业		主唛，吊牌，洗水唛，胶袋，纸箱	2.00	1.00	成衣
13459	MG2604401	辅料	鼎华（嘉华）服装包装实业		主唛，吊牌，洗水唛，胶袋，纸箱	2.00	1.00	成衣
13458	MG2604463	辅料	鼎华（嘉华）服装包装实业		主唛，吊牌，洗水唛，胶袋，纸箱	2.00	1.00	成衣
13656	MG2604615	辅料	鼎华（嘉华）服装包装实业		主唛，吊牌，洗水唛，胶袋，纸箱	2.00	1.00	成衣
13577	MG2604631	辅料	鼎华（嘉华）服装包装实业		主唛，吊牌，洗水唛，胶袋，纸箱	2.00	1.00	成衣
13578	MG2604663	辅料	鼎华（嘉华）服装包装实业		主唛，吊牌，洗水唛，胶袋，纸箱	2.00	1.00	成衣
13579	MG2604664	辅料	鼎华（嘉华）服装包装实业		主唛，吊牌，洗水唛，胶袋，纸箱	2.00	1.00	成衣
13534	OW034	数码印花	友谊印花厂			18.50	1.00	成衣
13534	OW034	辅料	凯凌增原辅料		辅料	1.50	1.00	成衣
12109	PDD055	辅料	鼎华（嘉华）服装包装实业			1.00	1.00	成衣
12338	PDD071S	复合朴	凯杰儭布膊棉厂（复合）		复合西装扑	3.00	1.50	成衣
12851	PDD150	辅料	凯凌增原辅料			1.00	1.00	成衣
13142	PDDA201	辅料	鼎华（嘉华）服装包装实业			0.50	1.00	成衣
13143	PDDA202	辅料	鼎华（嘉华）服装包装实业			1.00	1.00	成衣
13146	PDDA205	辅料	鼎华（嘉华）服装包装实业			0.50	1.00	成衣
13222	PDDA213	印花	宏基布行			3.90	2.10	成衣
13222	PDDA213	辅料	凯凌增原辅料			1.00	1.00	成衣
13224	PDDA215	辅料	凯凌增原辅料			1.00	1.00	成衣
13254	PDDA220	印花	宏基布行		批布印花	3.50	0.66	成衣
13333	PDDA223	辅料	凯凌增原辅料			1.00	1.00	成衣
13336	PDDA226	辅料	凯凌增原辅料			1.00	1.00	成衣
13456	PDDA227	辅料	鼎华（嘉华）服装包装实业			0.50	1.00	成衣
13463	PDDA235	辅料	凯凌增原辅料			1.00	1.00	成衣
13460	PDDA238	打揽	恒力打揽			2.50	1.00	成衣
13486	PDDA241	打揽	恒力打揽			3.00	1.00	成衣
13127	PDDW198	打揽	恒力打揽		整件打揽	8.00	1.00	成衣
13219	PDDW210	辅料	凯凌增原辅料			1.00	1.00	成衣
13220	PDDW211	辅料	鼎华（嘉华）服装包装实业			1.00	1.00	成衣
13450	PDDW232	辅料	凯凌增原辅料			1.00	1.00	成衣
13448	PDDW233	辅料	凯凌增原辅料			1.00	1.00	成衣
13825	PDDW241	打揽	恒力打揽			3.00	1.00	成衣
13908	PDDW276	辅料	鼎华（嘉华）服装包装实业			1.00	1.00	成衣
10455	PE002	绣花	全秀绣花厂			10.00	1.00	成衣
10455	PE002	辅料	凯凌增原辅料		辅料	1.50	1.00	成衣
10902	PE021K	绣花	炬辉绣花厂			9.00	1.00	成衣
10902	PE021K	辅料	凯凌增原辅料		辅料	1.50	1.00	成衣
10901	PE021S	绣花	炬辉绣花厂			9.00	1.00	成衣
10901	PE021S	辅料	凯凌增原辅料		辅料	1.50	1.00	成衣
13247	PE063-1	数码印花	友谊印花厂			15.00	1.00	成衣
13247	PE063-1	辅料	凯凌增原辅料		辅料	1.50	1.00	成衣
13811	PE063-2	数码印花	友谊印花厂			15.00	1.00	成衣
13811	PE063-2	辅料	凯凌增原辅料		辅料	1.50	1.00	成衣
13307	PE066大货-2	烫画	彩旗烫画印花厂			6.50	1.00	成衣
13307	PE066大货-2	辅料	凯凌增原辅料		辅料	1.50	1.00	成衣
13836	PE070-2	烫画	彩旗烫画印花厂			8.00	1.00	成衣
13836	PE070-2	辅料	凯凌增原辅料		辅料	1.50	1.00	成衣
13835	PE072-2	烫画	彩旗烫画印花厂		辅料	3.00	1.00	成衣
13835	PE072-2	辅料	凯凌增原辅料		辅料	1.50	1.00	成衣
13965	PE073	数码印花	友谊印花厂			26.50	1.00	成衣
13965	PE073	辅料	凯凌增原辅料		辅料	1.50	1.00	成衣
13966	PE074	数码印花	友谊印花厂			17.50	1.00	成衣
13966	PE074	辅料	华得利（新华盛）文具服装辅料批发		辅料	1.50	1.00	成衣
12192	PJ001D	辅料	凯凌增原辅料		主唛，洗水唛，胶袋，拷贝纸，干燥剂，纸箱	1.00	1.00	成衣
11424	QF269	烫画	彩旗烫画印花厂		裁片烫画	4.50	1.00	成衣
11424	QF269	辅料	凯凌增原辅料		辅料	1.50	1.00	成衣
11425	QF270	烫画	彩旗烫画印花厂		裁片烫画	3.00	1.00	成衣
11425	QF270	辅料	凯凌增原辅料		辅料	1.50	1.00	成衣
11426	QF271	烫画	彩旗烫画印花厂		前后烫画	6.00	1.00	成衣
11426	QF271	辅料	凯凌增原辅料		辅料	1.50	1.00	成衣
11495	QF274	烫画	彩旗烫画印花厂		前后反光银	6.00	1.00	成衣
13362	QF330	绣花	冠鑫绣花厂			5.00	1.00	成衣
13362	QF330	辅料	凯凌增原辅料		辅料	1.50	1.00	成衣
13364	QF331K	绣花	冠鑫绣花厂			4.00	1.00	成衣
13364	QF331K	辅料	凯凌增原辅料		辅料	1.50	1.00	成衣
13363	QF331S	绣花	冠鑫绣花厂			8.00	1.00	成衣
13363	QF331S	辅料	凯凌增原辅料		辅料	1.50	1.00	成衣
13653	QF332	绣花	冠鑫绣花厂			25.00	1.00	成衣
13653	QF332	辅料	凯凌增原辅料		辅料	1.50	1.00	成衣
13756	QF333	辅料	凯凌增原辅料		辅料	1.50	1.00	成衣
13997	QF334	辅料	凯凌增原辅料		辅料	1.50	1.00	成衣
13998	QF335	辅料	凯凌增原辅料		辅料	1.50	1.00	成衣
13727	RB012	数码印花	彩旗烫画印花厂			10.00	1.00	成衣
13727	RB012	辅料	凯凌增原辅料		辅料	1.50	1.00	成衣
13735	RB013	辅料	凯凌增原辅料		辅料	1.50	1.00	成衣
13759	RB015	烫画	彩旗烫画印花厂			6.50	1.00	成衣
13759	RB015	辅料	凯凌增原辅料		辅料	1.50	1.00	成衣
11281	RU080-K	烫画	彩旗烫画印花厂		后幅烫唛	2.00	1.00	成衣
11280	RU080-S	烫画	彩旗烫画印花厂		裁片烫画	2.00	1.00	成衣
11327	RU082	印花	友谊印花厂		前后副袖子丝印	22.50	1.00	成衣
11328	RU083	印花	友谊印花厂		前后副丝印	28.50	1.00	成衣
11329	RU084	印花	友谊印花厂		前后幅加袖子丝印	22.50	1.00	成衣
13514	RU166	直喷	佳信数码印花			22.00	1.00	成衣
13514	RU166	洗水厂	骏业洗水厂			20.00	1.00	成衣
13515	RU167	直喷	佳信数码印花			22.00	1.00	成衣
13515	RU167	洗水厂	骏业洗水厂			18.00	1.00	成衣
13517	RU168	烫画	彩旗烫画印花厂			46.00	1.00	成衣
13518	RU169	直喷	佳信数码印花			35.00	1.00	成衣
13518	RU169	洗水	骏业洗水厂			20.00	1.00	成衣
13545	RU173	印花	彩旗烫画印花厂			3.00	1.00	成衣
13634	RU174	洗水	骏业洗水厂			20.00	1.00	成衣
13634	RU174	绣花	冠鑫绣花厂		前副绣花	5.00	1.00	成衣
13686	RU175-2	直喷	佳信数码印花			22.00	1.00	成衣
13687	RU176-2	绣花	冠鑫绣花厂			8.00	1.00	成衣
13690	RU179	直喷	佳信数码印花			22.00	1.00	成衣
13691	RU180	直喷	佳信数码印花			22.00	1.00	成衣
13903	RU185	印花	友谊印花厂			21.50	1.00	成衣
13904	RU186	绣花	冠鑫绣花厂			16.50	1.00	成衣
13905	RU187	直喷	佳信数码印花			20.00	1.00	成衣
13906	RU188	印花	友谊印花厂		前后丝印	19.50	1.00	成衣
10593	TA027	绣花	冠鑫绣花厂		成衣刺绣	16.00	1.00	成衣
10593	TA027	辅料	凯凌增原辅料		辅料	1.50	1.00	成衣
12228	TA134	烫画	彩旗烫画印花厂		烫唛	2.00	1.00	成衣
12930	TA152	印花	佳信数码印花		批布印花	6.00	0.23	成衣
12930	TA152	辅料	凯凌增原辅料			1.50	1.00	成衣
12931	TA153	辅料	凯凌增原辅料		辅料	1.50	1.00	成衣
13083	TA159	辅料	凯凌增原辅料		辅料	1.50	1.00	成衣
13084	TA160	辅料	凯凌增原辅料		辅料	1.50	1.00	成衣
13244	TA161	辅料	凯凌增原辅料		辅料	1.50	1.00	成衣
13244	TA161	激光	博艺激光厂			4.50	1.00	成衣
13286	TA162	辅料	凯凌增原辅料		成衣包装	1.50	1.00	成衣
13286	TA162	数码印花	友谊印花厂			10.00	1.00	成衣
13366	TA165	绣花	洪轩绣花厂			8.00	1.00	成衣
13366	TA165	辅料	凯凌增原辅料		辅料	1.50	1.00	成衣
13602	TA168Q	辅料	凯凌增原辅料		辅料	1.50	1.00	成衣
13601	TA168S	直喷	港源麻棉			19.00	0.91	成衣
13601	TA168S	辅料	凯凌增原辅料		辅料	1.50	1.00	成衣
13603	TA169	辅料	凯凌增原辅料		辅料	1.50	1.00	成衣
13868	TA175	辅料	凯凌增原辅料		辅料	1.50	1.00	成衣
13897	TA176	辅料	凯凌增原辅料		辅料	1.50	1.00	成衣
8089	TQ239-2	辅料			主唛，洗水唛，胶袋 ，纸箱	1.50	1.00	成衣
8089	TQ239-2	洗水			炒雪花	9.00	1.00	成衣
13416	TW-10404	辅料	凯凌增原辅料		辅料	1.50	1.00	成衣
13561	TWS-10249	辅料	凯凌增原辅料		主麦吊牌，胶袋，纸箱	2.00	1.00	成衣
13555	TWS-10315	辅料	凯凌增原辅料		主麦吊牌，胶袋，纸箱	2.00	1.00	成衣
13554	TWS-10369	辅料	凯凌增原辅料		主麦，吊牌，胶袋，纸箱	2.00	1.00	成衣
13556	TWS-10370	辅料	凯凌增原辅料		纸箱，胶袋，洗水唛，主麦	2.00	1.00	成衣
13553	TWS-10371	辅料	凯凌增原辅料		主麦，吊牌，胶袋，洗水唛	2.00	1.00	成衣
13557	TWS-10376	辅料	凯凌增原辅料		纸箱胶袋，主麦，洗水唛	2.00	1.00	成衣
13562	TWS-10390	辅料	凯凌增原辅料		主麦吊牌，胶袋，纸箱	2.00	1.00	成衣
13973	TWS-10474	辅料	凯凌增原辅料		主麦，吊牌，胶袋，洗水唛	2.00	1.00	成衣
13621	XH-DX8803	直喷	佳信数码印花			20.00	1.00	成衣
13621	XH-DX8803	辅料	凯凌增原辅料		辅料	1.00	1.00	成衣
13621	XH-DX8803	绣花	洪轩绣花厂		熊和蝴蝶绣花13元，其他是·12元	13.00	1.00	成衣
13619	XH-S1708A	直喷	佳信数码印花			20.00	1.00	成衣
13619	XH-S1708A	辅料	凯凌增原辅料		辅料	1.00	1.00	成衣
13620	XH-S1708B	直喷	佳信数码印花			20.00	1.00	成衣
13620	XH-S1708B	辅料	凯凌增原辅料		辅料	1.00	1.00	成衣
13620	XH-S1708B	绣花	洪轩绣花厂			12.00	1.00	成衣
13628	XH-S3020	绣花	冠鑫绣花厂			3.00	1.00	成衣
13628	XH-S3020	辅料	凯凌增原辅料		辅料	1.00	1.00	成衣
2883	XH1426	辅料	凯凌增原辅料		主唛.码唛.洗水唛.纸箱.吊牌.吊粒.胶袋.拷贝纸，干燥剂	1.50	1.00	成衣
3206	XH1471	辅料	凯凌增原辅料		主唛.码唛.洗水唛.纸箱.吊牌.吊粒.胶袋.拷贝纸，干燥剂	1.50	1.00	成衣
4212	XH1627	辅料	凯凌增原辅料		主唛.码唛.洗水唛.吊牌.吊粒.胶袋.纸箱.拷贝纸	1.50	1.00	成衣
13506	XH1670D	辅料	凯凌增原辅料		主唛.码唛.洗水唛.吊牌.吊粒.胶袋.纸箱.拷贝纸	1.50	1.00	成衣
4520	XH1720	辅料	凯凌增原辅料		主唛.码唛.洗水唛.吊牌.吊粒.胶袋.纸箱.拷贝纸	1.50	1.00	成衣
5171	XH1897	数码印花	佳信数码印花			6.00	1.25	成衣
5171	XH1897	辅料	凯凌增原辅料		主唛.码唛.洗水唛.吊牌.吊粒.胶袋.纸箱.烤白纸	1.50	1.00	成衣
5171	XH1897	激光	博艺激光厂			3.50	1.00	成衣
5171	XH1897	复合朴	前卫衬朴			5.00	1.70	成衣
219	XH20210105037	辅料	鼎华（嘉华）服装包装实业		吊牌+吊粒+贴纸+胶袋+纸箱	1.50	1.00	成衣
9661	XH2803D	绣花	冠鑫绣花厂			3.00	1.00	成衣
9661	XH2803D	辅料	凯凌增原辅料		辅料	1.50	1.00	成衣
9102	XH2818	辅料	凯凌增原辅料		辅料	1.50	1.00	成衣
9710	XH2911	数码印花	佳信数码印花			6.00	0.56	成衣
9710	XH2911	辅料	凯凌增原辅料		辅料	1.50	1.00	成衣
10045	XH2932	绣花	冠鑫绣花厂			6.00	1.00	成衣
10045	XH2932	辅料	凯凌增原辅料		辅料	1.00	1.00	成衣
10045	XH2932	直喷	佳信数码印花			20.00	1.00	成衣
10044	XH2933	绣花	冠鑫绣花厂			6.00	1.00	成衣
10044	XH2933	辅料	凯凌增原辅料		辅料	1.00	1.00	成衣
10044	XH2933	直喷	佳信数码印花			20.00	1.00	成衣
11750	XH2979S	绣花	全秀绣花厂			12.00	1.00	成衣
11750	XH2979S	辅料	凯凌增原辅料		辅料	1.50	1.00	成衣
13644	XH2979T	绣花	全秀绣花厂		XH2979T，绣花8元	12.00	1.00	成衣
13644	XH2979T	辅料	凯凌增原辅料		辅料	1.50	1.00	成衣
11606	XH3025J	辅料	凯凌增原辅料		辅料	1.50	1.00	成衣
11607	XH3025K	辅料	凯凌增原辅料		辅料	1.50	1.00	成衣
11667	XH3038	辅料	凯凌增原辅料		辅料	1.50	1.00	成衣
12656	XH3046A	绣花	全秀绣花厂			32.00	1.00	成衣
12656	XH3046A	辅料	凯凌增原辅料		辅料	1.50	1.00	成衣
12656	XH3046A	数码印花	佳信数码印花			6.00	0.95	成衣
13839	XH3046C	绣花	全秀绣花厂			37.00	1.00	成衣
13839	XH3046C	辅料	凯凌增原辅料		辅料	1.50	1.00	成衣
13839	XH3046C	数码印花	佳信数码印花			6.00	0.95	成衣
13940	XH3046D	绣花	全秀绣花厂			32.00	1.00	成衣
13940	XH3046D	辅料	凯凌增原辅料		辅料	1.50	1.00	成衣
13940	XH3046D	数码印花	佳信数码印花			6.00	0.95	成衣
12509	XH3046J	绣花	全秀绣花厂			32.00	1.00	成衣
12509	XH3046J	辅料	凯凌增原辅料		辅料	1.50	1.00	成衣
12509	XH3046J	数码印花	佳信数码印花			6.00	0.95	成衣
12304	XH3092	辅料	凯凌增原辅料		辅料	1.50	1.00	成衣
13574	XH3108J	辅料	凯凌增原辅料		辅料	1.50	1.00	成衣
12645	XH3116	压褶	楚韵压褶			15.00	1.00	成衣
12645	XH3116	辅料	凯凌增原辅料		辅料	1.50	1.00	成衣
12739	XH3119	打泡珠	金点包扣			15.00	1.00	成衣
12739	XH3119	直喷	佳信数码印花			30.00	1.00	成衣
12739	XH3119	辅料	凯凌增原辅料		辅料	1.50	1.00	成衣
13091	XH3122J	辅料	凯凌增原辅料		辅料	1.50	1.00	成衣
12985	XH3128	直喷	佳信数码印花			45.00	1.00	成衣
12985	XH3128	打泡珠	金点包扣			14.00	1.00	成衣
12985	XH3128	辅料	凯凌增原辅料		辅料	1.50	1.00	成衣
13198	XH3142	辅料	凯凌增原辅料		辅料	1.50	1.00	成衣
13233	XH3151K	辅料	凯凌增原辅料		辅料	1.50	1.00	成衣
13233	XH3151K	洗水厂	骏业洗水厂			5.50	1.98	成衣
13840	XH3151T	打揽	恒力打揽			9.00	1.00	成衣
13840	XH3151T	洗水厂	骏业洗水厂			5.00	1.00	成衣
13840	XH3151T	辅料	凯凌增原辅料		辅料	1.50	1.00	成衣
13242	XH3152	数码印花	彩旗烫画印花厂			2.50	1.00	成衣
13242	XH3152	辅料	凯凌增原辅料		辅料	1.50	1.00	成衣
13352	XH3154	绣花	全秀绣花厂			90.00	1.00	成衣
13352	XH3154	辅料	鼎华（嘉华）服装包装实业		唛头/吊牌	1.50	1.00	成衣
13352	XH3154	烧花			激光毛	3.00	1.00	成衣
13352	XH3154	洗水厂	骏业洗水厂		固色	4.00	1.24	成衣
13410	XH3155	辅料	凯凌增原辅料		辅料	1.50	1.00	成衣
13841	XH3160S	辅料	凯凌增原辅料		辅料	1.50	1.00	成衣
13841	XH3160S	绣花	洪轩绣花厂			12.00	1.00	成衣
13889	XH3160T	辅料	凯凌增原辅料		辅料	1.50	1.00	成衣
13889	XH3160T	绣花	洪轩绣花厂			12.00	1.00	成衣
13572	XH3161	辅料	凯凌增原辅料		辅料	1.50	1.00	成衣
13572	XH3161	复合朴	前卫衬朴			4.50	1.83	成衣
13575	XH3162	复合朴	前卫衬朴			4.50	1.68	成衣
13575	XH3162	辅料	凯凌增原辅料		辅料	1.50	1.00	成衣
13666	XH3163	洗水厂	骏业洗水厂			4.00	1.00	成衣
13666	XH3163	辅料	凯凌增原辅料		件	1.50	1.00	成衣
13828	XH3165	辅料	凯凌增原辅料		辅料	1.50	1.00	成衣
13893	XH3188K	辅料	凯凌增原辅料		辅料	1.50	1.00	成衣
13894	XH3189	辅料	凯凌增原辅料		辅料	1.50	1.00	成衣
13923	XH3192	辅料	凯凌增原辅料		辅料	1.50	1.00	成衣
13935	XH3200K	辅料	凯凌增原辅料		辅料	1.50	1.00	成衣
13934	XH3200S	辅料	凯凌增原辅料		辅料	1.50	1.00	成衣
13936	XH3201	辅料	凯凌增原辅料		辅料	1.50	1.00	成衣
13939	XH3204	辅料	凯凌增原辅料		辅料	1.50	1.00	成衣
13942	XH3206	辅料	凯凌增原辅料		辅料	1.50	1.00	成衣
13942	XH3206	复合朴	凯杰儭布膊棉厂（复合）			2.30	1.53	成衣
13942	XH3206	数码印花	佳信数码印花			6.00	1.42	成衣
13942	XH3206	数码印花	佳信数码印花		主布	6.00	0.25	成衣
13942	XH3206	绣花	冠鑫绣花厂			4.00	1.00	成衣
13994	XH3207S	绣花	洪轩绣花厂			8.00	1.00	成衣
13994	XH3207S	辅料	凯凌增原辅料		辅料	1.50	1.00	成衣
13983	XH3207T	绣花	洪轩绣花厂			8.00	1.00	成衣
13983	XH3207T	辅料	凯凌增原辅料		辅料	1.50	1.00	成衣
9149	XH406J	辅料	凯凌增原辅料		辅料	1.50	1.00	成衣
9150	XH406K	辅料	凯凌增原辅料		辅料	1.50	1.00	成衣
249	XL2101081	辅料	华得利（新华盛）文具服装辅料批发		挂牌，胶袋 ，贴纸，防潮济，拷贝纸，纸箱	1.50	1.00	成衣
1441	XQ016	辅料	嘉豪铺料		主唛 洗水唛  吊牌 胶袋	1.00	1.00	成衣
1441	XQ016	打揽	润发打揽		腰节打揽	2.50	1.00	成衣
1819	XQ028	辅料	凯凌增原辅料			1.00	1.00	成衣
10126	XQ045	辅料	凯凌增原辅料		吊牌，吊粒，胶袋，纸箱	1.00	1.00	成衣
1821	XQ067	辅料	凯凌增原辅料			1.00	1.00	成衣
1011	XQ068	辅料			主唛，洗水唛，吊牌，胶袋，纸箱	1.00	1.00	成衣
13072	XQ123	辅料			主唛，洗水唛，挂牌，胶袋 ，贴纸，防潮济，拷贝纸，纸箱	1.00	1.00	成衣
5788	XQTJ001头巾	辅料	鼎华（嘉华）服装包装实业			0.50	1.00	成衣
3528	YOU220210	辅料	凯凌增原辅料		主唛，洗水唛，吊牌，胶袋，纸箱，拷贝纸	2.00	1.00	成衣
11942	YQ102	辅料	鼎华（嘉华）服装包装实业		主唛，吊牌，胶袋	1.00	1.00	成衣
6579	YQ262	辅料	鼎华（嘉华）服装包装实业		主麦，吊牌，胶袋，纸箱	1.00	1.00	成衣
6619	YQ265	辅料	鼎华（嘉华）服装包装实业		主唛，洗水唛，吊牌，胶袋，纸箱	1.50	1.00	成衣
6621	YQ267	辅料	鼎华（嘉华）服装包装实业		主唛，吊牌，胶袋，纸箱	1.50	1.00	成衣
6647	YQ270	辅料	鼎华（嘉华）服装包装实业		主唛，吊牌，胶袋，纸箱	1.50	1.00	成衣
7988	YQ289	辅料			主唛，洗水唛，胶袋，拷贝纸，干燥剂，纸箱	1.00	1.00	成衣
13270	YQ341	辅料	凯凌增原辅料			1.00	1.00	成衣
13274	YQ345	辅料	鼎华（嘉华）服装包装实业		主麦，吊牌胶袋，纸箱	1.50	1.00	成衣
2623	YZ281	辅料			主唛，洗水唛，纸箱，胶袋	1.00	1.00	成衣
13007	ZE048	印花	友谊印花厂			8.00	1.00	成衣
13007	ZE048	辅料	凯凌增原辅料			1.50	1.00	成衣
13474	ZE057	辅料	凯凌增原辅料		辅料	1.50	1.00	成衣
13474	ZE057	绣花	全秀绣花厂			8.00	1.00	成衣
13476	ZE058	辅料	凯凌增原辅料		辅料	1.50	1.00	成衣
13540	ZE079	洗水厂	骏业洗水厂			25.00	1.00	成衣
13540	ZE079	直喷	佳信数码印花			20.00	1.00	成衣
13540	ZE079	辅料	凯凌增原辅料		辅料	1.50	1.00	成衣
13743	ZE080	直喷	佳信数码印花			15.00	1.00	成衣
13743	ZE080	辅料	凯凌增原辅料		辅料	1.50	1.00	成衣
570	ZH021	辅料	华得利（新华盛）文具服装辅料批发		主唛，洗水唛，挂牌，胶袋 ，贴纸，防潮济，拷贝纸，纸箱	1.00	1.00	成衣
1022	ZH099	辅料			主唛，洗水唛，胶袋，吊牌，纸箱	3.00	1.00	成衣
14059	ZH100	打揽	恒力打揽		后腰打揽	2.00	1.00	成衣
14059	ZH100	辅料	鼎华（嘉华）服装包装实业			1.00	1.00	成衣
1417	ZH101	辅料	凯凌增原辅料		主唛，洗水唛，胶袋，拷贝纸，干燥剂，纸箱	1.00	1.00	成衣
8305	ZMJ015	绣花	冠鑫绣花厂		前幅绣花	8.00	1.00	成衣
8305	ZMJ015	印花	友谊印花厂		后幅丝印	14.50	1.00	成衣
