10872	252148-17	主面料		伟业纺织	白色		0.56	8	7.30	7.30	
10872	252148-17	主面料		伟业纺织	黑色		0.56	8	7.30	7.30	
10872	252148-17	主面料		伟业布行单面拉架	卡其		0.56	8	7.30	7.30	
13471	26CTX081-1	主面料		伟业纺织	浅蓝色	145	0.96	10	21.50	21.50	
13471	26CTX081-1	面料	伟业纺织	伟业纺织	2#米白	145	0.96	10	21.50	21.50	
13471	26CTX081-1	面料	伟业纺织	伟业纺织	60#花灰	145	0.96	10	21.50	21.50	
13044	26CTX097-1	主面料	恒嘉纺织	2*2随心裁	黑色	145	1.58	10	10.80	10.80	
13044	26CTX097-1	辅料		橡筋	黑色1/4橡筋		1	10	0.30	0.30	
5815	6579童装	主面料		高密度300T	黑色		1.1	10	0.00	0.00	
5815	6579童装	里布		杰兴32支棉斜纹奥戴尔	灰色		0.57	10	0.00	0.00	
5815	6579童装	主面料		高密度300T	白色		1.1	10	0.00	0.00	
11994	AL136	主面料		睿航麻棉	红色		1.39	10	20.50	20.50	
11994	AL136	辅料		扣子	配主布颜色2CM		1	3	2.00	2.00	
11994	AL136	辅料		棉织带	配色11/2宽		1	10	5.00	5.00	
11994	AL136	辅料		裤子拉链	配主布色		2	3	1.00	1.00	
11994	AL136	辅料	华顺橡筋	1 7/8宽丈巾	白色		0.2	15	0.60	0.60	
11994	AL136	辅料	利泰辅料	日字扣	黑色胶1 1/2宽		2	3	1.00	1.00	
11994	AL136	面料	马业纺织	马业布行	A211# 红色	140	0.04	10	20.00	20.00	
11994	AL136	辅料	华顺橡筋	1寸丈根	黑色		0.2	15	0.50	0.50	
11994	AL136	辅料	棉绳 恒发辅料	人字带	黑色		0.46	10	0.50	0.50	
11994	AL136	辅料	振宇皮革	皮章仔	黑色3.5CM		2	3	1.00	1.00	
12456	AL160	主面料	耀辉纺织	耀辉纺织	黑色	145	1.31	10	22.00	22.00	
12456	AL160	辅料		扣子	黑色四孔扣		10	3	0.15	0.15	
12456	AL160	衬布		针织朴	黑色		0.35	10	2.80	2.80	
12639	AL169	主面料		盈晟针织	黑色		0.78	10	39.00	39.00	
12639	AL169	面料		祥盛螺纹	黑色		0.25	10	40.00	40.00	
12639	AL169	辅料	棉绳 恒发辅料	人字带	配主布颜色		0.35	10	0.50	0.50	
12639	AL169	辅料	华顺橡筋	透明带1/4			0.6	10	0.15	0.15	
12640	AL170	主面料		盈晟针织	黑色		0.78	10	39.00	39.00	
12640	AL170	辅料		橡筋	黑色		1	3	2.00	2.00	
12640	AL170	辅料		腰绳	黑色		1	3	2.00	2.00	
13648	AL172-01	主面料	德盛针织	德盛针织	69#粉色	175	0.95	10	13.50	13.50	
13648	AL172-01	面料	德盛针织	德盛针织	65#棕色	175	0.11	10	13.50	13.50	
13648	AL172-01	面料	祥盛螺纹	祥盛罗纹 1*1 32支罗纹，	配棕色	165	0.11	15	40.00	40.00	
13648	AL172-01	辅料	棉绳 恒发辅料	人字带	配主布颜色		0.35	10	0.50	0.50	
13648	AL172-01	辅料	华顺橡筋	透明带1/4			0.6	10	0.15	0.15	
12913	AL180	主面料	德盛针织	德盛针织	4#黑色	160	0.95	15	18.00	18.00	
12913	AL180	面料		祥盛罗纹 1*1 32支罗纹，	配主布颜色		0.025	15	40.00	40.00	
12914	AL181	主面料	德盛针织	德盛针织	6#黑色	166	0.92	15	19.00	19.00	
12914	AL181	面料	祥盛罗纹	祥盛罗纹 1*1 32支罗纹，	配主布颜色	165	0.025	15	40.00	40.00	
12914	AL181	辅料	棉绳 恒发辅料	人字带	配主布颜色		0.35	10	0.50	0.50	
12915	AL182	主面料	德盛拉链	德盛针织	6#黑色	166	0.92	15	15.00	15.00	
12915	AL182	面料	祥盛罗纹	祥盛罗纹 1*1 32支罗纹，	配主布颜色	165	0.025	15	40.00	40.00	
13533	AL195	主面料	韩亿纺纺织	韩亿纺	58#棕色			0	0.00	21.00	
13611	AL196	主面料	巨丰纺织	巨丰纺织	23#活性黑	185	1.45	15	31.00	31.00	
13611	AL196	面料	祥盛罗纹	罗纹2X2	配主布颜色	120	0.28	15	40.00	40.00	
13611	AL196	辅料	东莞市虎门永恒拉链厂	5号金属开尾拉链	配主布颜色（银牙）		1	3	10.00	10.00	
13611	AL196	辅料	棉绳 恒发辅料	人字带	配主布颜色		0.35	10	0.50	0.50	
13611	AL196	辅料	华顺橡筋	透明带1/4			0.7	10	0.15	0.15	
13617	AL197	主面料	华夏纺织	巨丰纺织	515#活性黑	178	0.9	15	0.00	0.00	
13617	AL197	面料	祥盛罗纹	祥盛罗纹 1*1 32支罗纹，	配主布颜色	165	0.03	15	40.00	40.00	
13622	AL198	主面料	盈晟针织	盈晟针织	76#黑色	180	0.95	15	21.50	21.50	
13622	AL198	面料	盈晟针织	盈晟针织	59#活性黑色	180	0.95	15	21.50	21.50	
13622	AL198	面料	盈晟针织	盈晟针织	90#象牙白	180	0.95	15	21.50	21.50	
13622	AL198	面料	祥盛罗纹	祥盛罗纹 1*1 32支罗纹，	配主布颜色	170	0.03	15	40.00	40.00	
13623	AL199	主面料	新鹏宇	新鹏宇针织	2#活性黑色	180	0.9	15	23.00	23.00	
13623	AL199	面料	祥盛罗纹	祥盛罗纹 1*1 32支罗纹，	配主布颜色	165	0.03	15	40.00	40.00	
13626	AL200	主面料		雅丽纺织	51#黑色	145	1.57	10	19.00	19.00	
13626	AL200	面料		雅丽纺织	40#黑色		0.21	15	17.50	17.50	
13626	AL200	里布		雅丽纺织	蓝色活性黑	125	0.45	10	14.50	14.50	
13626	AL200	辅料	东莞市虎门永恒拉链厂	裤子拉链	配主布颜色		1	3	0.40	0.40	
13626	AL200	辅料	利泰辅料	摇头扣	黑色		1	3	1.00	1.00	
13635	AL201	主面料	德盛针织	德盛针织	5#象牙白	190	0.3	15	17.00	17.00	
13635	AL201	辅料	创亿辅料（橡筋）	丈根1 5/8宽	白色（定做）		1	10	2.50	2.50	
13650	AL203	主面料	巨丰纺织	巨丰纺织	黑色	180	0.9	10	22.00	22.00	
13650	AL203	面料	祥盛罗纹	祥盛罗纹 1*1 32支罗纹，	配主布颜色	170	0.03	15	40.00	40.00	
13650	AL203	辅料	棉绳 恒发辅料	人字带	配主布颜色		0.35	10	0.50	0.50	
13650	AL203	辅料	华顺橡筋	透明带1/4			0.7	10	0.15	0.15	
13646	AL204	主面料		蜡染棉大卫衣	32#绿色	180	1	15	25.00	25.00	
13646	AL204	面料	祥盛罗纹	祥盛罗纹 1*1 32支罗纹，	配主布颜色	120	0.03	15	40.00	40.00	
13646	AL204	辅料	棉绳 恒发辅料	人字带	配主布颜色		0.35	10	0.50	0.50	
13660	AL205	主面料	新鹏宇	新鹏宇针织	12#杏色			0	0.00	0.00	
13660	AL205	辅料	添彩纽扣	扣子	1.1CM白色		3	3	0.12	0.12	
13677	AL206	主面料	德盛针织	德盛针织	2#杏色	180	1.38	15	27.50	27.50	
13677	AL206	面料	祥盛罗纹	罗纹2X2	配主布颜色	120	0.28	15	40.00	40.00	
13677	AL206	辅料	棉绳 恒发辅料	人字带	配主布颜色		0.35	10	0.50	0.50	
13677	AL206	辅料	棉绳 恒发辅料	帽绳	白色		1	3	2.00	2.00	
13678	AL207	主面料	嘉亿纺织	嘉亿布行	4#白色	175	0.68	15	19.00	19.00	
13678	AL207	辅料	棉绳 恒发辅料	即便条	白色		2.8	15	0.50	0.50	
13678	AL207	辅料	前卫衬朴	30D雪纺朴	白色		0.6	10	2.20	2.20	
13678	AL207	辅料	添彩纽扣	扣子	1.5CM（染主布颜色）蓝色（心是圆）			0	0.12	0.12	
13679	AL208	主面料	嘉亿纺织	嘉亿布行	4#白色	165	0.38	15	19.00	19.00	
13679	AL208	辅料	华顺橡筋	丈巾1 1/2宽	白色		0.7	15	0.50	0.50	
13679	AL208	辅料	棉绳 恒发辅料	即便条	白色		1.2	15	0.50	0.50	
13662	AL209	主面料	巨丰纺织	巨丰纺织	牙白	180	0.90	15	0.00	0.00	
13662	AL209	面料	祥盛罗纹	祥盛罗纹 1*1 32支罗纹，	配主布颜色	165	0.025	15	40.00	40.00	
13662	AL209	辅料	棉绳 恒发辅料	人字带	配主布颜色		0.35	10	0.50	0.50	
13662	AL209	辅料	华顺橡筋	透明带1/4			0.65	10	0.15	0.15	
13681	AL210	主面料	新鹏宇	新鹏宇针织	棕色	150	1.05	15	26.50	26.50	
13681	AL210	辅料		人字带	配主布颜色		0.35	10	0.50	0.50	
13682	AL211	主面料	新鹏宇	新鹏宇针织	16#棕色	170	0.95	15	30.00	30.00	
13682	AL211	辅料	棉绳 恒发辅料	人字带	配主布颜色		0.35	10	0.50	0.50	
13683	AL212	主面料	祥盛罗纹	巨丰纺织	25#绿色	180	0.9	15	20.00	20.00	
13683	AL212	面料	祥盛罗纹	祥盛罗纹 1*1 32支罗纹，	配主布颜色	165	0.03	15	40.00	40.00	
13713	AL213	主面料		丰远布行	活性黑色	168	0.58	15	21.50	21.50	
13887	AL214	主面料	德盛针织	德盛针织	23#活性黑	180	1.29	10	32.50	32.50	
13887	AL214	面料	祥盛罗纹	罗纹2X2	配主布颜色	120	0.23	15	40.00	40.00	
13887	AL214	辅料	棉绳 恒发辅料	人字带	配主布颜色		0.35	10	0.50	0.50	
13887	AL214	辅料	利泰辅料	鸡眼+胶垫	0.6CM银色		2	5	0.07	0.07	
13887	AL214	辅料	棉绳 恒发辅料	帽绳	配主布色（银色头）		1	3	2.00	2.00	
13887	AL214	辅料	华顺橡筋	透明带1/4			0.7	10	0.15	0.15	
13886	AL215	主面料	德盛针织	德盛针织	36#活性黑	180	1.35	10	33.00	33.00	
13886	AL215	面料	祥盛罗纹	罗纹2X2	配主布颜色	120	0.15	10	40.00	40.00	
13886	AL215	辅料	华顺橡筋	丈巾2寸宽	黑色		1	15	0.70	0.70	
13886	AL215	辅料	棉绳 恒发辅料	腰绳	配主布颜色圆（银色头）		1	3	2.00	2.00	
13895	AL218	主面料	裕隆纺织	裕盛纺织	3#黄色	160	1.58	15	36.00	36.00	
13895	AL218	辅料	棉绳 恒发辅料	人字带	配主布颜色		0.35	10	0.50	0.50	
13895	AL218	辅料	棉绳 恒发辅料	透明带1/4			0.85	10	0.15	0.15	
6115	AM024	主面料		涤蜡布-紫黄肯特	紫黄肯特		3.95	10	3.00	3.00	
12470	AM062	主面料		蜡布	绿色花		3.8	10	3.00	3.00	
12470	AM062	里布		韩国里布	黑色		0.3	10	2.50	2.50	
13591	AMY-01-3	主面料	针织 潮新布行	潮新布行	20#蓝色	175	0.68	15	9.30	9.30	
13591	AMY-01-3	面料		祥盛螺纹	配主布色2x2螺纹		0.03	15	40.00	40.00	
13896	DH1002S	主面料	德盛针织	德盛针织	110#花灰色	186	0.85	10	0.00	0.00	
13896	DH1002S	面料	祥盛罗纹	祥盛罗纹 1*1 32支罗纹，	配主布颜色	170	0.03	15	40.00	40.00	
13896	DH1002S	辅料	棉绳 恒发辅料	人字带	配主布颜色		0.35	10	0.50	0.50	
13896	DH1002S	辅料	华顺橡筋	透明带1/4			0.7	10	0.15	0.15	
13896	DH1002S	辅料	永豪辅料	四合扣	配主布颜色1.5CM		12	3	0.35	0.35	
13898	DH1005S	主面料	华夏纺织	华夏针织	253#浅绿色	174	0.8	10	0.00	0.00	
13898	DH1005S	主面料	祥盛罗纹	祥盛罗纹 1*1 32支罗纹，	配主布颜色	160	0.03	15	40.00	40.00	
13898	DH1005S	辅料	棉绳 恒发辅料	人字带	配主布颜色		0.35	10	0.50	0.50	
13898	DH1005S	辅料	华顺橡筋	透明带1/4			0.7	10	0.15	0.15	
13898	DH1005S	辅料	永豪辅料	四合扣	配主布颜色1.5CM		12	3	0.35	0.35	
13995	DH1008K	主面料	聚能蜡布	蜡布	颜色1	110	1.98	15	13.00	13.00	
13995	DH1008K	辅料	华顺橡筋	2 1/2寸宽丈巾	白色		0.6	15	0.70	0.70	
7473	DH501S	主面料	帝人纺织	帝人布行	3# 粉色	148	0.5	15	21.00	21.00	
7473	DH501S	里布	帝人纺织	广丰纺织	170# 粉色	144	0.4	15	21.00	21.00	
7473	DH501S	面料	祥盛罗纹	罗纹2X2	（配主布颜色）	120	0.1	15	40.00	40.00	
7473	DH501S	辅料	利泰辅料	四合扣（直径1.5CM)	染主布颜色（红色配粉色）		6	3	0.35	0.35	
7473	DH501S	辅料	华顺橡筋	1寸丈根	配主布颜色		0.3	15	3.50	3.50	
7473	DH501S	面料	帝人纺织	帝人布行	8#黑色	145	0.5	15	21.00	21.00	
7473	DH501S	里布	广丰纺织	广丰纺织	黑色	145	0.4	15	21.00	21.00	
10875	DH811S	主面料	盛丰纺织	盛丰布业	75#杏色	114	1.60	15	13.00	13.00	
10875	DH811S	辅料	金点包扣	扣子	金色2.2CM		2	3	0.80	0.80	
10875	DH811S	面料		新鹏宇针织	43#深灰色	180	1.09	15	25.00	25.00	
12211	DH925S	主面料	新鹏宇	新鹏宇针织	43#灰色	172	0.8	15	16.50	26.00	
12211	DH925S	辅料	添彩纽扣	扣子2.5CM	染主布颜色		4	3	0.15	0.15	
12211	DH925S	辅料	前卫衬朴	针织朴	白色	120	0.25	10	1.80	1.80	
12211	DH925S	辅料	华顺橡筋	透明带1/4			0.7	10	0.15	0.15	
12275	DH927K	主面料	新鹏宇	新鹏宇针织	43#灰色	140	1.28	15	13.00	25.00	
12275	DH927K	辅料	前卫衬朴	30D雪纺朴	白色	120	0.25	10	2.20	2.20	
12275	DH927K	辅料	东莞市虎门永恒拉链厂	3号隐形拉链	配主布颜色		1	3	1.50	1.50	
12275	DH927K	面料	新鹏宇	新鹏宇针织	6#活性黑色	170	1.28	15	26.00	26.00	
12275	DH927K	面料	盛丰纺织	盛丰布业	75#杏色		1.5	10	13.00	13.00	
12275	DH927K	面料		盛丰布业	75#杏色	120	2.32	15	12.60	12.60	
12844	DH943S	主面料		成品服装7	黑色		1	1	19.00	19.00	
12866	DH944S	主面料		成品服装7	白色		1	1	40.00	15.00	
13069	DH949	主面料	华胜蜡布	蜡布	颜色1	110	3.05	15	0.00	0.00	
13069	DH949	辅料	华顺橡筋	丈根3/8宽	黑色		0.55	15	0.30	0.30	
13069	DH949	辅料	前卫衬朴	针织朴	黑色	120	0.2	10	1.80	1.80	
13069	DH949	辅料	华顺橡筋	丈根1/4	黑色		0.55	15	0.30	0.30	
13512	DH967K	主面料	伟盛纺织	伟盛纺织	4#白色	143	1.5	15	16.50	16.50	
13512	DH967K	辅料	华顺橡筋	丈根1 5/8宽	白色		1	15	0.60	0.60	
13512	DH967K	辅料	华顺橡筋	圆丈巾1/8宽	配主布颜色		1.1	10	0.35	0.35	
13512	DH967K	辅料	利泰辅料	猪鼻扣	银色		1	3	0.80	0.80	
13548	DH968S	主面料	伟盛纺织	伟盛纺织	15#浅灰色	148	1.52	15	18.00	18.00	
13548	DH968S	辅料	添彩纽扣	扣子	1.2CM染灰色		10	5	0.12	0.12	
13548	DH968S	辅料	前卫衬朴	30D雪纺朴	白色	120	0.35	10	2.20	2.20	
13605	DH978	主面料	华胜蜡布	蜡布	颜色1	110	1.3	15	13.00	13.00	
13605	DH978	辅料	前卫衬朴	针织朴	黑色	120	0.2	10	1.80	1.80	
13605	DH978	辅料	东莞市虎门永恒拉链厂	3号隐形拉链	黑色		1	3	1.50	1.50	
13605	DH978	辅料	华顺橡筋	丈根3/8宽	黑色		0.7	15	0.35	0.35	
13640	DH979S	主面料	联发纺织	联新纺织	2#红色格子	145	1.4	15	16.50	16.50	
13640	DH979S	面料	濠泰纺织	濠泰纺织	1#白色	145	1.4	15	16.50	16.50	
13640	DH979S	面料	濠泰纺织	濠泰纺织	1#白色	145	1.4	15	16.50	16.50	
13640	DH979S	辅料	添彩纽扣	扣子	配主布颜色		11	3	0.12	0.12	
13640	DH979S	辅料	前卫衬朴	30D雪纺朴	黑色/白色	120	0.35	10	1.80	1.80	
13692	DH983S	主面料	德盛针织	德盛针织	白色	166	0.9	15	0.00	0.00	
13695	DH984S	主面料	德盛针织	德盛针织	白色		0.9	15	0.00	0.00	
13722	DH986D	主面料	华胜蜡布	蜡布	颜色1	110	2.8	15	13.00	13.00	
13722	DH986D	辅料	添彩纽扣	扣子	1.5CM黑色		14	3	0.10	0.10	
13722	DH986D	辅料	前卫衬朴	针织朴	黑色	120	0.3	10	1.80	1.80	
13723	DH987S	主面料	聚能蜡布	蜡布	颜色1	110	2.02	15	13.00	13.00	
13723	DH987S	面料	新登封蜡布	蜡布印花	紫色	112	0.7	12	13.00	13.00	
13723	DH987S	辅料	前卫衬朴	针织朴	黑色	120	0.45	10	1.80	1.80	
13723	DH987S	辅料	添彩纽扣	扣子	1.5CM黑色		13	3	0.12	0.12	
13724	DH988K	主面料	华成里布行	蜡布	颜色1	110	2.04	15	13.00	13.00	
13724	DH988K	辅料	前卫衬朴	针织朴	黑色	120	0.3	10	1.80	1.80	
13724	DH988K	辅料	东莞市虎门永恒拉链厂	裤子拉链	黑色		1	3	0.40	0.40	
13724	DH988K	辅料	利泰辅料	西裤扣	银色（大的一对）		1	3	0.35	0.35	
13724	DH988K	辅料	华顺橡筋	丈根1 3/4宽	黑色		0.4	15	0.60	0.60	
13732	DH990S	主面料	伟盛纺织	伟盛纺织	15#浅灰色	148	1.85	15	14.00	14.00	
13732	DH990S	辅料	添彩纽扣	扣子	1.2CM染灰色		10	5	0.12	0.12	
13732	DH990S	辅料	前卫衬朴	30D雪纺朴	白色	120	0.35	10	2.20	2.20	
13739	DH991S	主面料	新鹏宇	新鹏宇针织	54#黑色	174	1	15	21.00	21.00	
13739	DH991S	辅料	棉绳 恒发辅料	人字带	配主布颜色		0.35	10	0.50	0.50	
13739	DH991S	辅料	华顺橡筋	透明带1/4			0.7	10	0.15	0.15	
13765	DH993S	主面料		成品服装7	黑色		1	1	60.00	60.00	
13765	DH993S	面料		成品服装8	花灰		1	1	60.00	60.00	
13765	DH993S	面料		成品服装4	绿色		1	1	60.00	60.00	
13810	DH996S	主面料	德盛针织	德盛针织	35#活性黑色	180	0.8	15	21.50	18.00	
13810	DH996S	面料	祥盛罗纹	祥盛罗纹 1*1 32支罗纹，	配主布颜色	130	0.025	15	40.00	40.00	
13810	DH996S	辅料	华顺橡筋	透明带1/4			0.7	10	0.15	0.15	
13809	DH997S	主面料	德盛针织	德盛针织	35#活性黑色	180	0.8	15	18.00	18.00	
13809	DH997S	面料	祥盛罗纹	祥盛罗纹 1*1 32支罗纹，	配主布颜色	130	0.025	15	40.00	40.00	
13809	DH997S	辅料	华顺橡筋	透明带1/4			0.7	10	0.15	0.15	
12705	EL105-1	主面料		联新纺织	10#粉绿	148	1.38	10	20.50	20.50	
12705	EL105-1	辅料	前卫衬朴	针织朴	黑色	120	0.31	10	1.80	1.80	
12705	EL105-1	辅料	添彩纽扣	扣子	1CM钻石		11	3	1.00	1.00	
13667	EL127	主面料		成品服装7	黑色		1	1	88.00	88.00	
13668	EL128	主面料		成品服装7	黑色		1	1	15.00	15.00	
13672	EL129	主面料	巨丰纺织	巨丰纺织	64#米黄色	180	0.85	15	23.50	23.50	
13672	EL129	面料	巨丰纺织	巨丰纺织	116#棕色	180	0.38	15	23.50	23.50	
13672	EL129	面料	巨丰纺织	巨丰纺织	象白色		0.12	15	35.00	35.00	
13672	EL129	辅料	添彩纽扣	扣子	1.1CM白色		3	5	0.10	0.10	
13672	EL129	面料		罗纹2X2	配主布颜色	120	0.06	10	40.00	40.00	
13673	EL130	主面料	巨丰纺织	巨丰纺织	55#黑色	180	1.37	15	23.50	23.50	
13673	EL130	辅料	东莞市虎门永恒拉链厂	5号金属闭尾拉链	配主布颜色		1	3	3.00	3.00	
13673	EL130	面料	祥盛罗纹	罗纹2X2	配主布颜色	120	0.25	15	40.00	40.00	
13673	EL130	辅料	棉绳 恒发辅料	人字带	配主布颜色		0.35	10	0.50	0.50	
13673	EL130	辅料	华顺橡筋	透明带1/4			0.7	10	0.15	0.15	
13674	EL131	主面料		博超布业	2#红色	140	1.25	15	17.50	17.50	
13674	EL131	辅料	前卫衬朴	30D雪纺朴		120	0.3	10	2.20	2.20	
13674	EL131	辅料	添彩纽扣	扣子	1.1CM白色		7	3	0.10	0.10	
13675	EL132	主面料		濠泰纺织	43#深蓝色	145	1.1	15	23.50	23.50	
13675	EL132	辅料	前卫衬朴	针织朴	黑色	120	0.23	10	1.80	1.80	
13675	EL132	辅料	东莞市虎门永恒拉链厂	裤子拉链	配主布颜色		1	3	0.40	0.40	
13675	EL132	辅料	利泰辅料	摇头扣	1.6CM古铜		1	3	0.35	0.35	
13675	EL132	辅料	利泰辅料	扣子	撞钉古铜色		10	3	0.35	0.25	
13725	EL133	主面料		成品服装7	黑色		1	1	27.00	27.00	
13733	EL134	主面料		成品服装7	白色		1	1	25.00	25.00	
13762	EL135	主面料		成品服装7	黑色		1	1	86.00	86.00	
13771	EL138	主面料	美森纺织	美森纺织	1#白色	140	2.36	15	0.00	0.00	
13771	EL138	面料	美森纺织	美森纺织	黄色		0.16	10	0.00	0.00	
13771	EL138	辅料	华顺橡筋	丈根5/8宽	白色		0.8	10	0.50	0.50	
13771	EL138	辅料	华顺橡筋	丈根3/8宽	白色		0.75	10	0.35	0.35	
13771	EL138	辅料	添彩纽扣	扣子	黑色1.5CM		6	3	0.10	0.10	
13771	EL138	辅料	前卫衬朴	30D雪纺朴	白色		0.2	10	2.20	2.20	
13783	EL140	主面料		成品服装7	深灰		1	1	75.00	75.00	
13784	EL141	主面料		成品服装7	红色		1	1	95.00	95.00	
13875	EL145	主面料	华夏纺织	华夏针织	1#白色	165	0.9	10	23.50	23.50	
13875	EL145	面料	祥盛罗纹	1*1罗纹	配主布颜色	160	0.03	15	40.00	40.00	
13875	EL145	辅料	创亿辅料（橡筋）	透明带1/4			0.7	10	0.15	0.15	
13876	EL146	主面料	华夏纺织	华夏针织	1#白色	165	0.9	15	23.50	23.50	
13876	EL146	面料	祥盛罗纹	祥盛罗纹 1*1 32支罗纹，	配主布颜色	160	0.03	15	40.00	40.00	
11583	Er014	主面料		德盈针织	活性黑色		1.25	10	41.00	41.00	
11583	Er014	辅料		腰带绳	白色		1	3	2.00	2.00	
11583	Er014	辅料		橡筋	黑色		1	10	0.60	0.60	
11638	Er017	主面料		新鹏宇针织	白色		1.09	10	26.50	26.50	
11638	Er017	面料		祥盛螺纹	配主布色		0.04	10	40.00	40.00	
10052	ER082	主面料		恒生布业	红色		1.35	10	32.50	32.50	
10052	ER082	面料		祥盛螺纹	配主布色		0.25	10	40.00	40.00	
10052	ER082	主面料		恒生布业	黑色		1.28	10	32.50	32.50	
12956	Er083	主面料		中棉纺织	黑白拼色	154	0.80	10	16.00	16.00	
12956	Er083	面料		中棉纺织	白色	156	0.15	10	16.00	16.00	
12963	Er085	主面料	恒生布行	恒生布业	白色	180	1.38	10	32.00	32.00	
12963	Er085	面料	祥盛罗纹	祥盛螺纹	配主布色	145	0.25	10	40.00	40.00	
12988	Er088K	主面料	新鹏宇	新鹏宇针织	蓝色	143	0.60	10	21.00	21.00	
12988	Er088K	面料		腰绳	白色		1	1	2.00	2.00	
12988	Er088K	辅料		橡筋	配主布色		1	15	0.80	0.80	
12988	Er088K	主面料		新鹏宇针织-2	杏色		0.6	10	21.00	21.00	
12987	Er088S	主面料	新鹏宇	新鹏宇针织	蓝色		0.55	10	21.00	21.00	
12987	Er088S	主面料		新鹏宇针织	杏色		0.55	10	21.00	21.00	
12987	Er088S	主面料		新鹏宇针织-2	粉色		0.55	10	21.00	21.00	
12987	Er088S	主面料		新鹏宇针织	灰色		0.55	10	21.00	21.00	
13600	Er100	主面料		德胜针织	白色		0.78	10	21.50	21.50	
13600	Er100	主面料		华夏针织	白色		0.78	10	24.00	24.00	
13600	Er100	面料		祥盛螺纹	配主布色		0.03	10	40.00	40.00	
13612	Er101	主面料		新鹏宇针织-2	黑色		0.71	10	26.50	26.50	
13612	Er101	面料		祥盛螺纹	配主布色		0.03	10	40.00	40.00	
13659	Er102K	主面料		羊毛混纺	黑色		2.18	10	62.00	62.00	
13659	Er102K	辅料		3号金属闭尾拉链	黑色’银牙		1	3	3.00	3.00	
13659	Er102K	里布		色丁里布	黑色		1.33	10	12.50	12.50	
13658	Er102S	主面料		羊毛混纺	黑色		2.0	10	62.00	62.00	
13658	Er102S	里布		色丁	黑色		1.48	10	12.50	12.50	
13658	Er102S	辅料		5号金属开尾拉链	黑色		1	3	5.00	5.00	
13740	Er104	主面料		德盛针织	2#黑色		0.8	10	25.50	25.50	
13740	Er104	面料		德盛针织	白色		0.29	10	25.50	25.50	
13740	Er104	面料		祥盛螺纹	黑白色		1	3	7.00	7.00	
13740	Er104	辅料		四合扣（直径1.5CM)	银色		7	3	0.15	0.15	
13745	Er106K	主面料		德盛针织	白色		0.35	10	21.00	21.00	
13745	Er106K	面料		德盛针织	蓝色腰		0.05	10	21.00	21.00	
13744	Er106S	主面料		德盛针织	白色		0.3	10	21.00	21.00	
13744	Er106S	面料		德盛针织	蓝色		0.05	10	21.00	21.00	
13757	Er107	主面料		21支精全棉单面布001#	白色		0.82	10	16.00	16.00	
13757	Er107	面料		祥盛螺纹	黑色，撞色		0.03	10	40.00	40.00	
13770	Er108	主面料		巨丰纺织	红色		1.25	10	21.50	21.50	
13770	Er108	辅料		棉织带	彩色织带		2.5	10	1.00	1.00	
13770	Er108	辅料		腰绳	配主布颜色		1	3	2.00	2.00	
13770	Er108	辅料		橡筋	白色/黑色5cm		1	10	0.50	0.50	
13770	Er108	里布		9088 棉里布	配色		0.09	10	6.50	6.50	
13781	Er109	主面料		巨丰纺织	白色		0.85	10	21.00	21.00	
13781	Er109	面料		祥盛螺纹	配主布色		0.03	10	40.00	40.00	
13871	Er111	主面料		德盛针织	灰色		0.82	10	26.00	26.00	
13871	Er111	面料		祥盛螺纹	配主布色		0.03	10	40.00	40.00	
13787	Er112	主面料		睿航麻棉	黑色		0.2	10	17.50	17.50	
13870	Er113K	主面料		德盛针织	米杏色		1.25	10	27.00	27.00	
13870	Er113K	辅料		腰绳	配主布颜色		1	3	2.00	2.00	
13870	Er113K	辅料		橡筋	白色/黑色5cm		1	10	0.50	0.50	
13869	Er113S	主面料		德盛针织	米杏色		1.35	10	27.00	27.00	
13869	Er113S	面料		祥盛螺纹	配主布色		0.25	10	40.00	40.00	
13888	Er114	主面料		摇粒绒	蓝色		0.31	10	46.00	46.00	
13888	Er114	面料		华纺YL8022#摇粒绒	灰色		0.99	10	46.00	46.00	
13888	Er114	辅料		5号金属闭尾拉链	配色银牙		1	3	5.00	5.00	
13758	FO160	主面料	盈晟针织	盈晟针织	黑色	180	1.4	10	39.00	39.00	
13758	FO160	面料	祥盛罗纹	罗纹2X2	配主布颜色	120	0.28	15	40.00	40.00	
13758	FO160	辅料	棉绳 恒发辅料	人字带	配主布颜色		0.35	10	0.50	0.50	
13760	FO161	主面料	盈晟针织	盈晟针织	紫色	180	1.4	10	39.00	39.00	
13760	FO161	面料	祥盛罗纹	祥盛罗纹 1*1 32支罗纹，	配主布颜色（厚实1*1）	170	0.2	15	40.00	40.00	
13760	FO161	辅料	棉绳 恒发辅料	人字带	配主布颜色		0.35	10	0.50	0.50	
13761	FO162	主面料	盈晟针织	盈晟针织	45#橙色	190	1.4	10	39.00	39.00	
13761	FO162	面料	祥盛罗纹	祥盛罗纹 1*1 32支罗纹，	配主布颜色（厚实1*1）	170	0.20	15	40.00	40.00	
13761	FO162	辅料	棉绳 恒发辅料	人字带	配主布颜色		0.35	10	0.50	0.50	
13761	FO162	辅料	棉绳 恒发辅料	帽绳	配主布色编绳（银色头）		1	3	2.00	2.00	
8962	FY0027	主面料	濠泰纺织	濠泰纺织	25#棕色		0.08	10	20.00	20.00	
8962	FY0027	辅料		3号胶牙拉链	配主布颜色		1	3	1.00	1.00	
8962	FY0027	辅料		流苏绳	配主布颜色		1	3	1.50	1.50	
13094	GK274	主面料		成衣采购	黑色		1	1	68.00	68.00	
13180	GK279-S	主面料	德盈针纺	盈盛针织	1#红色	180	1.65	15	37.50	37.50	
13180	GK279-S	面料	祥盛罗纹	罗纹2X2	配主布颜色	120	0.28	15	40.00	40.00	
13180	GK279-S	辅料	棉绳 恒发辅料	人字带	配主布颜色		0.35	10	0.50	0.50	
13180	GK279-S	辅料	华顺橡筋	透明带1/4			0.6	10	0.15	0.15	
13651	GK282	主面料		绍兴夏帆纺织	3#白色	176	0.7	15	28.50	28.50	
13652	GK283	主面料		绍兴夏帆纺织	3#白色	176	0.8	15	28.50	28.50	
13652	GK283	面料	祥盛罗纹	祥盛罗纹 1*1 32支罗纹，	白色	180	0.03	15	40.00	40.00	
13714	GK287	主面料		巨丰纺织	1号白色		1.25	15	0.00	0.00	
13714	GK287	辅料	东莞市虎门永恒拉链厂	防水拉链	白色		1	3	2.00	2.00	
13715	GK288	主面料	濠泰纺织	濠泰纺织	白色	152	1.25	15	17.00	17.00	
13715	GK288	辅料	华顺橡筋	1 7/8宽丈巾	白色		1	15	0.60	0.60	
13715	GK288	辅料	东莞市虎门永恒拉链厂	3号隐形拉链	配主布颜色		1	3	1.50	1.50	
13715	GK288	辅料	棉绳 恒发辅料	腰绳	配主布颜色		1	3	2.00	2.00	
5128	HWT005	主面料		咖色格子布	白色/棕色格子		0.51	10	0.00	0.00	
5128	HWT005	里布		针织里布	咖色		0.50	10	0.00	0.00	
5128	HWT005	主面料		格子布	绿色格子			0	0.00	0.00	
5128	HWT005	主面料		格子布82152	黑色和棕色格子			0	0.00	0.00	
5128	HWT005	主面料		格子布	格子			0	0.00	0.00	
12487	HY197	主面料		千秋布业	白色		2.23	10	17.50	17.50	
12487	HY197	里布		四面弹里布	白色		2.05	10	4.50	4.50	
12487	HY197	衬布		扑	白色		0.33	10	2.70	2.70	
12487	HY197	辅料		3号隐形拉链	白色		1	3	3.00	3.00	
12487	HY197	辅料		珍珠雪纺印花	珍珠项链		2	3	3.50	3.50	
12491	HY198	主面料		生丰纺织	黑色		2.82	10	16.00	16.00	
12491	HY198	辅料		3号隐形拉链	白色		1	3	3.00	3.00	
13604	HY229	主面料		成衣采购	灰色		1	1	85.00	85.00	
13769	HY231	主面料		成衣采购	灰色		1	1	67.00	67.00	
13665	IS2604406	主面料		锦汇	米色		0.63	10	24.00	24.00	
13665	IS2604406	辅料		五金装饰	白色		1.1	10	3.50	3.50	
13665	IS2604406	里布		9088 棉里布	配主布色		0.62	10	6.50	6.50	
13663	IS2604437	主面料		锦汇	米色		0.5	10	24.00	24.00	
13663	IS2604437	里布		9088 棉里布	配主布色		0.3	10	6.80	6.50	
13663	IS2604437	辅料		五金装饰	3.5		1.3	10	3.50	3.50	
13663	IS2604437	辅料		3号隐形拉链	配主布色		1	3	3.00	3.00	
13664	IS2604464	主面料		锦汇	米白		1.46	10	24.00	24.00	
13664	IS2604464	辅料		五金装饰	白色		2	10	3.50	3.50	
13664	IS2604464	里布		9088 棉里布	配主布色		1.4	10	6.50	6.50	
13767	IS2604468	主面料		条纹	白色底黑色条		1.45	8	7.00	7.00	
13767	IS2604468	辅料		棉绳腰带	白色		1	3	2.50	2.50	
13767	IS2604468	辅料		主布包扣	配主布色		9	3	0.25	0.25	
13726	IS2604492	主面料		花布	花色		1.5	10	25.00	25.00	
13720	IS2604493	主面料		花布	花色		1.5	10	25.00	25.00	
13780	IS2604494	主面料		花布	花色		1.5	10	25.00	25.00	
1237	J001	主面料		蜡布-白底迷彩圆（涤）	白底迷彩圆涤布		3.30	10	3.30	4.50	
1237	J001	主面料		蜡布	深蓝撞红色		4	10	4.50	4.50	
1237	J001	辅料		橡筋	黑色宽2 3/4		1	10	0.80	0.80	
1237	J001	主面料		蜡布-绿色圆（涤）	绿色		3.3	10	4.50	4.50	
1237	J001	主面料		蜡布印花	米白		4	10	4.50	4.50	
1237	J001	主面料		涤蜡布-紫黄肯特	印花色		3.3	10	4.50	4.50	
1237	J001	主面料		蜡布-红叶子（棉）	红叶子		3.3	10	4.50	4.50	
1237	J001	主面料		蜡布-新迷彩圆（涤）	新迷彩圆（涤）		3.3	10	4.50	4.50	
1237	J001	主面料		蜡布	大红底印花		3.3	10	4.50	4.50	
1237	J001	主面料		蜡布-黄底红圆	黄底红圆		3.3	10	4.50	4.50	
1237	J001	主面料		蜡布-杂色	深蓝黑底印花		3.3	10	4.50	4.50	
1237	J001	主面料		新紫色肯特蜡布	新紫色肯特蜡布		3.3	10	4.50	4.50	
1237	J001	主面料		蜡布-新紫色肯特	紫色肯特		3.3	10	4.50	4.50	
1237	J001	主面料		涤蜡布-黄绿黑肯特	黄绿黑肯特		3.3	10	4.50	4.50	
1237	J001	主面料		橙绿肯特	橙色大花		3.3	10	4.50	4.50	
13434	JE018	主面料	巨丰纺织	巨丰纺织	104#米白色	180	0.75	10	25.00	25.00	
13434	JE018	面料	祥盛罗纹	祥盛罗纹 1*1 32支罗纹，	配主布颜色	165	0.04	15	40.00	40.00	
13434	JE018	辅料	棉绳 恒发辅料	人字带	黑色		0.35	10	0.50	0.50	
13475	JE021	主面料	盈晟针织	盈晟针织	113#灰色	185	1.01	15	48.00	48.00	
13475	JE021	面料	永进纺织	永东纺织	1#豹纹	145	0.75	15	30.00	30.00	
13475	JE021	面料	祥盛罗纹	祥盛罗纹 1*1 32支罗纹，	配主布颜色（厚实）	165	0.06	15	40.00	40.00	
13475	JE021	辅料	华顺橡筋	丈根2 1/4寸宽	白色		1	15	0.70	0.70	
13475	JE021	辅料	棉绳 恒发辅料	人字带	配主布颜色		1	10	0.50	0.50	
13475	JE021	辅料	华顺橡筋	透明带1/4			0.7	10	0.15	0.15	
13490	JE022	主面料	盈晟针织	盈晟针织	113#灰色	185	1.12	15	48.00	48.00	
13490	JE022	面料		永东纺织	1#豹纹	145	0.65	10	30.00	30.00	
13490	JE022	辅料	华顺橡筋	丈巾2 3/4	白色		0.85	15	0.70	0.70	
13490	JE022	辅料	华顺橡筋	丈根1 5/8宽	白色		0.9	15	0.60	0.60	
13490	JE022	辅料	棉绳 恒发辅料	腰绳	白色（银色头）		1	3	2.00	2.00	
13490	JE022	辅料	东莞市虎门永恒拉链厂	5号金属闭尾拉链	配主布颜色		2	3	5.00	5.00	
13694	JE024	主面料	盈晟针织	盈晟针织	113#灰色	184	1.27	15	47.00	47.00	
13694	JE024	面料	盈晟针织	盈晟针织	30#黑色	180	0.15	15	47.00	47.00	
13694	JE024	辅料	华顺橡筋	丈根1 5/8宽	白色		0.95	15	0.60	0.60	
13694	JE024	辅料	棉绳 恒发辅料	腰绳	黑色（银色头）		1	3	2.00	2.00	
13694	JE024	辅料	华顺橡筋	圆丈巾1/8宽	白色		1.4	15	0.35	0.35	
13694	JE024	辅料	利泰辅料	猪鼻扣	银色		2	3	0.80	0.80	
7033	JQ1033	主面料	濠泰纺织	濠泰纺织	白色	145	0.66	15	21.00	21.00	
7033	JQ1033	辅料	浩东花边	浩东花边	白色（杏色）		1	15	3.50	3.50	
7033	JQ1033	辅料	前卫衬朴	30D雪纺朴	白色	120	0.5	10	2.80	2.80	
7033	JQ1033	面料	濠泰纺织	濠泰纺织	白色	145	0.66	15	21.00	21.00	
7378	JQ1064	主面料		鸿达纺织	白色	140	0.12	15	15.50	15.50	
7378	JQ1064	辅料	利泰辅料	五金扣	银色夹子		1	3	1.50	1.50	
8611	JQ1170	主面料	濠泰纺织	千秋布业	白色		1.53	15	18.00	18.00	
8611	JQ1170	辅料	金点包扣	本布包蘑菇扣	1.5CM蘑菇扣		12	3	0.12	0.12	
8611	JQ1170	辅料	东莞市虎门永恒拉链厂	3号隐形拉链	浅咖啡色		1	3	2.80	2.80	
8611	JQ1170	辅料	前卫衬朴	30D雪纺朴		120	0.2	10	2.20	2.20	
8611	JQ1170	面料	梭织 千秋布业	千秋布业	白色	145	1.53	15	18.00	18.00	
13693	JQ1216L	主面料	鸿达纺织	鸿达纺织	43#米黄色	140	1.35	15	14.00	14.00	
13693	JQ1216L	辅料		迅发花边	配主布颜色3/4宽		4	15	2.50	2.50	
13693	JQ1216L	衬布	前卫衬朴	30D雪纺朴	白色	120	0.2	10	2.20	2.20	
13693	JQ1216L	辅料	金点包扣	1.5cm包扣 蘑菇扣	主布色		7	3	0.12	0.12	
13693	JQ1216L	辅料	华顺橡筋	3/8丈根（橡筋）	白色		0.8	15	0.30	0.30	
13693	JQ1216L	面料	鸿达纺织	鸿达纺织	19#姜黄色	145	1.35	15	14.00	14.00	
9423	JQ1342	主面料	东莞市虎门永恒拉链厂	3号隐形拉链	蓝色		1	1	1.80	1.80	
10168	JQ1422	主面料	睿航麻棉	睿航麻棉	白色（染色	140	1.32	15	14.50	14.50	
10168	JQ1422	辅料	精彩花边绣品铺料	精采花边	配主布颜色（大花边）		4.05	15	3.50	3.50	
10168	JQ1422	辅料	精彩花边绣品铺料	精采花边	配主布颜色（小花边）		1.24	15	3.50	3.50	
13625	JQ1422L	主面料	睿航麻棉	睿航麻棉	白色（染色	140	1.32	15	14.50	14.50	
13625	JQ1422L	辅料	精彩花边绣品铺料	精采花边	配主布颜色（大花边）		4.05	15	3.50	3.50	
13625	JQ1422L	辅料	精彩花边绣品铺料	精采花边	配主布颜色（小花边）		1.24	15	3.50	3.50	
10222	JQ1428	主面料	鑫海纺织	鑫海布行	6109#棕色	156	0.14	15	30.00	30.00	
10222	JQ1428	面料	锴泓纺织	锴泓纺织	24# 黄色	150	0.12	15	30.00	30.00	
10222	JQ1428	辅料	华顺橡筋	丈根1/4	白色（瑜伽丈巾）		1	10	0.35	0.35	
10223	JQ1429	主面料	锴泓纺织	锴泓纺织	144#蓝色	152	0.14	15	30.00	30.00	
10223	JQ1429	面料		锴泓纺织	96#棕色（撞布）	152	0.12	15	30.00	30.00	
10223	JQ1429	辅料	华顺橡筋	丈根1/4	白色（瑜伽）		1	15	0.35	0.35	
10447	JQ1464	辅料	浩东花边	鹏业花边	白色（染黄色）		1	15	3.50	3.50	
10447	JQ1464	辅料	前卫衬朴	30D雪纺朴	白色	120	0.5	10	2.20	2.20	
10447	JQ1464	主面料	睿航麻棉	睿航麻棉	大白色	136	0.8	15	14.50	14.50	
11781	JQ1512	主面料	巨鑫纺织	巨鑫布业	121#粉色	150	0.35	15	30.00	30.00	
11781	JQ1512	里布	针织 潮新布行	潮新布行	白色	160	0.35	10	13.00	13.00	
11781	JQ1512	辅料	利泰辅料	调节扣	金色九字扣1 5/8宽		1	3	1.00	1.00	
11781	JQ1512	辅料	华顺橡筋	透明带1/4			2.5	10	0.15	0.15	
11833	JQ1514	主面料	睿航麻棉	睿航麻棉	白色	130	2	15	14.00	14.00	
11833	JQ1514	辅料	前卫衬朴	30D雪纺朴	白色	120	0.15	10	2.20	2.20	
11833	JQ1514	辅料	添彩纽扣	扣子	包扣1.5CM		7	3	0.12	0.12	
11867	JQ1516	主面料	锴泓纺织	锴泓纺织	215#蓝色	150	0.85	15	30.00	30.00	
11867	JQ1516	面料	锴泓纺织	锴泓纺织	121#粉色	150	0.57	15	30.00	30.00	
11867	JQ1516	辅料	东莞市虎门永恒拉链厂	3号隐形拉链	配主布颜色		1	3	2.00	2.00	
11867	JQ1516	辅料	华顺橡筋	丈根3/8宽	白色		1.8	15	0.30	0.30	
11870	JQ1519	主面料	睿航麻棉	睿航麻棉	大白	145	1.43	15	14.00	14.00	
11870	JQ1519	辅料	精彩花边绣品铺料	精采花边	白色（染色}2寸宽		6	15	5.50	5.50	
11870	JQ1519	里布	华成里布行	9088 棉里布	配主布颜色	145	0.85	10	7.00	7.00	
11870	JQ1519	辅料	东莞市虎门永恒拉链厂	3号隐形拉链	配主布颜色		1	3	2.50	2.50	
12062	JQ1526	主面料	鸿利纺织	鸿利纺织	深蓝色	120	0.42	15	23.00	23.00	
12062	JQ1526	面料	鸿利纺织	鸿利纺织	浅蓝色（中间）	120	0.38	15	23.00	23.00	
12062	JQ1526	辅料	前卫衬朴	针织朴	白色	120	0.15	10	1.80	1.80	
12062	JQ1526	辅料	东莞市虎门永恒拉链厂	3号隐形拉链	配主布颜色		1	3	1.50	1.50	
12062	JQ1526	辅料	凯凌增原辅料	日字扣	2寸宽（染深蓝色）		1	3	2.00	2.00	
12062	JQ1526	辅料	添彩纽扣	扣子	1.5CM深蓝色		8	3	0.10	0.10	
12149	JQ1530	主面料		双面羊皮绒	2#杏色	140	1.48	10	25.00	25.00	
12149	JQ1530	里布		色丁	配主布颜色		1.00	15	13.00	13.00	
12149	JQ1530	辅料	东莞市虎门永恒拉链厂	5号金属开尾拉链	配主布（黑色牙）		1	3	8.00	8.00	
12149	JQ1530	辅料	华顺橡筋	2 1/2寸宽丈巾	白色		0.85	15	0.70	0.70	
12149	JQ1530	辅料	华顺橡筋	丈根2 1/4寸宽	白色/黑色		0.5	15	0.70	0.70	
12149	JQ1530	面料		双面羊皮绒	黑色	140	1.48	10	25.00	25.00	
12150	JQ1531	主面料		双面羊皮绒	2#杏色	140	1.6	10	25.00	25.00	
12150	JQ1531	辅料	华顺橡筋	丈巾2寸宽	白色		0.45	15	0.70	0.70	
12150	JQ1531	辅料	东莞市虎门永恒拉链厂	5号金属开尾拉链	黑色银牙		1	3	3.00	3.00	
12150	JQ1531	辅料	利泰辅料	西裤扣	银色（大的）		1	3	0.35	0.35	
12150	JQ1531	面料		双面羊皮绒	黑色	140	1.6	10	25.00	25.00	
13598	JQ1534S	主面料	濠泰纺织	濠泰纺织	1#白色		1.4	15	0.00	0.00	
13598	JQ1534S	辅料	精彩花边绣品铺料	精采花边	配主布颜色1CM		0.85	15	3.50	3.50	
13598	JQ1534S	辅料	华顺橡筋	丈根1/4	白色		0.8	15	0.30	0.30	
12787	JQ1552	主面料		睿航麻棉	杏色	130	2.05	10	19.50	19.50	
12787	JQ1552	里布		9088 棉里布	杏色	140	1.45	10	6.50	6.50	
12787	JQ1552	辅料		扣子	包扣		6	3	0.25	0.25	
12787	JQ1552	辅料		精采花边	白色3cm花边		1.80	15	4.50	4.50	
12787	JQ1552	辅料		精采花边	白色6CM		0.9	15	4.50	4.50	
13731	JQ1552D	主面料		睿航麻棉	杏色	130	1.75	10	19.50	19.50	
13731	JQ1552D	里布		9088 棉里布	杏色	140	0.73	10	6.50	6.50	
13731	JQ1552D	辅料		扣子	包扣		6	3	0.15	0.15	
13731	JQ1552D	辅料		精采花边	白色3cm花边		1.80	15	4.50	4.50	
13731	JQ1552D	辅料		精采花边	白色6CM		1.7	15	4.50	4.50	
12861	JQ1554	主面料	聚能蜡布	蜡布	颜色1	110	1.95	15	13.00	13.00	
12861	JQ1554	辅料	前卫衬朴	针织朴	黑色	120	0.3	10	1.80	1.80	
12861	JQ1554	辅料	添彩纽扣	扣子	1.1CM黑色		11	3	0.12	0.12	
13205	JQ1554L	主面料	聚能蜡布	蜡布	颜色1	110	1.95	15	13.00	13.00	
13205	JQ1554L	辅料	前卫衬朴	针织朴	黑色	120	0.3	10	1.80	1.80	
13205	JQ1554L	辅料	添彩纽扣	扣子	1.1CM黑色		11	3	0.12	0.12	
13205	JQ1554L	面料	梭织 千秋布业	千秋布业	黑色撞布	112	0.3	10	13.00	13.00	
13013	JQ1561	主面料	港源麻棉	港源棉麻	1#白色	135	1.35	15	20.00	20.00	
13013	JQ1561	辅料	前卫衬朴	30D雪纺朴	白色	120	0.35	10	2.20	2.20	
13013	JQ1561	辅料	金点包扣	主布包扣	2CM		5	3	0.15	0.15	
13301	JQ1568	主面料		国潮卫衣	18米杏色	180	1.28	15	27.00	27.00	
13301	JQ1568	面料	祥盛罗纹	罗纹2X2	配主布颜色	120	0.25	15	40.00	40.00	
13301	JQ1568	辅料	棉绳 恒发辅料	人字带	配主布颜色		0.35	10	0.50	0.50	
13301	JQ1568	辅料	华顺橡筋	透明带1/4			0.7	10	0.15	0.15	
13321	JQ1569	主面料	伟盛纺织	伟盛纺织	1#大白	143	0.38	15	18.00	18.00	
13321	JQ1569	里布	针织 潮新布行	潮新布行	网布2#大白	155	0.2	10	7.00	7.00	
13321	JQ1569	辅料	华顺橡筋	丈巾1 1/2宽	白色		0.6	15	0.70	0.70	
13321	JQ1569	辅料	棉绳 恒发辅料	腰带绳	黑色（银色头）		1	3	2.00	2.00	
13321	JQ1569	辅料	利泰辅料	鸡眼+胶垫	银色0.6CM		2	3	0.07	0.07	
13367	JQ1571	主面料	华胜蜡布	蜡布	颜色1	110	0.94	15	13.00	13.00	
13368	JQ1572	主面料	华胜蜡布	蜡布	颜色1	110	5.15	15	13.00	13.00	
13368	JQ1572	面料	梭织 千秋布业	千秋布业	黑色	145	0.1	15	15.00	15.00	
13369	JQ1573	主面料	华胜蜡布	蜡布	颜色1	110	0.65	15	13.00	13.00	
13369	JQ1573	里布	华成里布行	9088 棉里布	黑色	145	0.45	10	7.00	7.00	
13369	JQ1573	辅料	东莞市虎门永恒拉链厂	5号金属开尾拉链	黑色边金牙		1	3	4.00	4.00	
13381	JQ1585	主面料		蜡布	颜色1	110	2.52	15	13.00	13.00	
13381	JQ1585	辅料	前卫衬朴	针织朴	黑色	120	0.18	10	1.80	1.80	
13381	JQ1585	辅料	东莞市虎门永恒拉链厂	5号隐形拉链	黑色		1	3	1.50	1.50	
13386	JQ1587Q	主面料	美瑞菲	蜡布	颜色1	110	1.72	15	13.00	13.00	
13386	JQ1587Q	辅料	前卫衬朴	针织朴	黑色	120	0.3	10	1.80	1.80	
13386	JQ1587Q	辅料	东莞市虎门永恒拉链厂	5号隐形拉链	黑色		1	3	1.80	1.80	
13385	JQ1587S	主面料	美瑞菲	蜡布	颜色1	110	0.31	15	13.00	13.00	
13385	JQ1587S	里布	华成里布行	9088 棉里布	黑色	145	0.22	10	7.00	7.00	
13385	JQ1587S	辅料	华顺橡筋	防滑带	黑色		0.8	10	0.80	0.80	
13385	JQ1587S	辅料	东莞市虎门永恒拉链厂	5号金属开尾拉链	黑色金牙		1	3	4.00	4.00	
13387	JQ1588	主面料	美瑞菲	蜡布	颜色1	110	2.4	15	13.00	13.00	
13387	JQ1588	里布	华成里布行	9088 棉里布	黑色	145	1.2	10	7.00	7.00	
13387	JQ1588	辅料	前卫衬朴	针织朴	黑色		0.1	10	1.80	1.80	
13387	JQ1588	辅料	东莞市虎门永恒拉链厂	5号隐形拉链	黑色		1	3	2.80	2.80	
13389	JQ1589Q	主面料	新登封蜡布	蜡布	颜色1	110	1.25	15	13.00	13.00	
13389	JQ1589Q	里布	华成里布行	9088 棉里布	黑色	145	0.31	10	7.00	7.00	
13389	JQ1589Q	辅料	前卫衬朴	针织朴	黑色	120	0.2	10	1.80	1.80	
13389	JQ1589Q	辅料	东莞市虎门永恒拉链厂	5号隐形拉链	黑色		1	3	1.80	1.80	
13389	JQ1589Q	辅料	四合扣 鹏发五金	四合扣	银色1.5CM		4	3	0.35	0.35	
13388	JQ1589S	主面料	华胜蜡布	蜡布	颜色1	110	0.5	15	13.00	13.00	
13388	JQ1589S	里布	华成里布行	9088 棉里布	黑色	145	0.28	10	7.00	7.00	
13388	JQ1589S	辅料	东莞市虎门永恒拉链厂	5号金属开尾拉链	黑色边金牙		1	3	3.00	3.00	
13388	JQ1589S	辅料	华顺橡筋	防滑带	黑色		0.45	10	0.80	0.80	
13392	JQ1591	主面料	华胜蜡布	蜡布	颜色1	110	4.53	15	13.00	13.00	
13392	JQ1591	里布	华成里布行	9088 棉里布	黑色	145	2.15	10	7.00	7.00	
13392	JQ1591	辅料	前卫衬朴	针织朴	黑色	120	0.2	10	1.80	1.80	
13392	JQ1591	辅料	东莞市虎门永恒拉链厂	5号隐形拉链	黑色		1	3	2.80	2.80	
13392	JQ1591	辅料	华顺橡筋	丈根3/8宽	黑色		1.2	15	0.35	0.35	
13394	JQ1592	主面料	美瑞菲	蜡布	颜色1	110	2.24	15	13.00	13.00	
13394	JQ1592	里布	华成里布行	9088 棉里布	黑色	145	1.22	10	7.00	7.00	
13394	JQ1592	辅料	利泰辅料	肩棉	黑色		1	3	1.50	1.50	
13394	JQ1592	辅料	利泰辅料	扣子	2.2CM金色		2	3	0.15	0.15	
13394	JQ1592	辅料	前卫衬朴	针织朴	黑色	120	1	10	1.80	1.80	
13395	JQ1593	主面料	华胜蜡布	蜡布	颜色1	110	3.2	15	13.00	13.00	
13395	JQ1593	里布	华成里布行	9088 棉里布	黑色	145	2.6	10	7.00	7.00	
13395	JQ1593	辅料	华顺橡筋	1 7/8宽丈巾	黑色		0.6	15	0.60	0.60	
13396	JQ1594	主面料	美瑞菲	蜡布印花	颜色	110	1.95	15	13.00	13.00	
13396	JQ1594	里布	华成里布行	9088 棉里布	黑色	145	1.05	15	7.00	7.00	
13396	JQ1594	辅料	前卫衬朴	针织朴	黑色	120	0.85	10	1.80	1.80	
13396	JQ1594	辅料	添彩纽扣	扣子	2.2CM黑色		4	3	0.15	0.15	
13396	JQ1594	辅料	章鑫五金扣子	扣子	金色1.5CM		8	3	0.15	0.15	
13403	JQ1597	主面料	美瑞菲	蜡布	颜色1	110	2.8	15	13.00	13.00	
13403	JQ1597	辅料	东莞市虎门永恒拉链厂	5号胶牙拉链	黑色		1	3	2.00	2.00	
13508	JQ1603	主面料		成品服装7	黑色		1	1	19.00	19.00	
13509	JQ1604	主面料		成品服装7	白色		1	1	35.00	35.00	
13535	JQ1606	主面料	德盈针纺	德盛针织	26#红色	175	0.95	15	26.50	26.50	
13535	JQ1606	面料	德盈针纺	德盈针织	1#白色	175	0.07	15	40.00	40.00	
13535	JQ1606	面料	祥盛罗纹	祥盛罗纹 1*1 32支罗纹，	白色	165	0.03	15	40.00	40.00	
13536	JQ1607	主面料	濠泰纺织	濠泰纺织	3#米黄色	144	1.03	15	18.00	18.00	
13536	JQ1607	辅料	前卫衬朴	针织朴	白色	120	0.3	10	1.80	1.80	
13536	JQ1607	辅料	东莞市虎门永恒拉链厂	裤子拉链	配主布颜色		1	3	0.40	0.40	
13536	JQ1607	辅料	添彩纽扣	扣子	多色2CM		1	3	0.15	0.15	
13536	JQ1607	辅料	棉绳 恒发辅料	人字带	配主布颜色		1.4	10	0.50	0.50	
13536	JQ1607	辅料	利泰辅料	魔术贴	白色1寸宽		0.04	10	0.80	0.80	
13547	JQ1608	主面料	加源布行	加源布行	1#黑色	135	1.83	10	23.00	23.00	
13547	JQ1608	里布	华成里布行	9088 棉里布	配主布颜色	145	1.19	10	7.00	7.00	
13547	JQ1608	辅料	前卫衬朴	针织朴	黑色	120	0.25	10	1.80	1.80	
13547	JQ1608	辅料	精彩花边绣品铺料	精采花边	白色3CM		1.3	10	3.50	3.50	
13547	JQ1608	辅料	东莞市虎门永恒拉链厂	3号隐形拉链	配主布颜色		1	3	2.50	2.50	
13547	JQ1608	辅料	金点包扣	主布包扣	1.5CM黑色		7	3	0.12	0.12	
13550	JQ1610	主面料	巨丰纺织	生丰纺织	31#黑色	145	3.78	15	19.50	19.50	
13550	JQ1610	辅料	前卫衬朴	30D雪纺朴	黑色	120	0.6	10	2.20	2.20	
13550	JQ1610	辅料	前卫衬朴	西装朴	厚朴	120	0.4	10	4.80	4.80	
13551	JQ1611	主面料	生丰纺织	生丰纺织	36#蓝色	145	3.17	15	19.50	19.50	
13551	JQ1611	辅料	前卫衬朴	30D雪纺朴	黑色	120	0.3	10	2.20	2.20	
13551	JQ1611	辅料	添彩纽扣	扣子	1.5CM（染主布颜色）		11	3	0.12	0.12	
13552	JQ1612	主面料	德盛针织	德盈针织	3#白色	178	0.42	15	21.00	21.00	
13552	JQ1612	面料		祥盛罗纹 1*1 32支罗纹，	配主布颜色	165	0.08	15	40.00	40.00	
13552	JQ1612	辅料	华顺橡筋	透明带1/4			0.6	10	0.15	0.15	
13564	JQ1613	主面料		泰和纺织	2#白色	146	1.75	15	20.50	20.50	
13564	JQ1613	里布	华成里布行	9088 棉里布	白色	145	0.2	10	7.00	7.00	
13564	JQ1613	辅料	前卫衬朴	30D雪纺朴	白色	120	0.18	10	2.20	2.20	
13564	JQ1613	衬布	前卫衬朴	西装朴	白色		0.12	10	4.50	4.50	
13564	JQ1613	辅料	东莞市虎门永恒拉链厂	裤子拉链	配主布颜色		1	3	0.40	0.40	
13564	JQ1613	辅料	添彩纽扣	扣子	2CM配主布颜色		1	3	0.15	0.15	
13564	JQ1613	主面料		鸿利纺织	蓝色		1.75	10	17.50	17.50	
13571	JQ1614	主面料	睿航麻棉	睿航麻棉	21#杏色	140	0.11	15	17.50	17.50	
13571	JQ1614	辅料	棉绳 恒发辅料	棉绳	配主布颜色		1	3	2.00	2.00	
13576	JQ1615	主面料		国潮卫衣	18#米杏色	180	1.27	15	30.50	30.50	
13576	JQ1615	辅料	华顺橡筋	2 1/2寸宽丈巾	白色		1	15	0.70	0.70	
13576	JQ1615	辅料	棉绳 恒发辅料	腰绳	配主布颜色		1	3	2.00	2.00	
13595	JQ1616	主面料	瑜伽运动 潮新纺织	潮新布行	72#粉色	160	0.24	15	17.00	17.00	
13595	JQ1616	面料	鑫达布行	鑫达布行	3#肉色	146	0.08	15	9.00	9.00	
13595	JQ1616	里布	针织 潮新布行	针织布	4#粉色	170	0.22	10	13.50	13.50	
13595	JQ1616	辅料	华顺橡筋	透明带1/4			1	10	0.15	0.15	
13595	JQ1616	辅料	利泰辅料	排排扣	单个（三个）		3	3	0.35	0.35	
13596	JQ1617	主面料	瑜伽运动 潮新纺织	潮新布行	72#粉色	160	0.24	15	17.00	17.00	
13596	JQ1617	面料	鑫达布行	鑫达布行	3#肉色	146	0.08	15	9.00	9.00	
13596	JQ1617	里布	针织 潮新布行	针织布	4#粉色	170	0.22	10	13.50	13.50	
13596	JQ1617	辅料	华顺橡筋	透明带1/4			1	10	0.15	0.15	
13596	JQ1617	辅料	利泰辅料	排排扣	单个（三个）		3	3	0.35	0.35	
13614	JQ1618	主面料	德盈针纺	德盈针织	33#酒红色	180	1.4	15	26.00	23.00	
13614	JQ1618	面料	华胜蜡布	蜡布	颜色1	110	0.25	15	13.00	13.00	
13614	JQ1618	面料	祥盛罗纹	罗纹2X2	配主布颜色	120	0.25	15	40.00	40.00	
13614	JQ1618	辅料	棉绳 恒发辅料	人字带	配主布颜色		0.35	10	0.50	0.50	
13614	JQ1618	辅料	创亿辅料（橡筋）	透明带1/4			0.7	10	0.15	0.15	
13614	JQ1618	辅料	棉绳 恒发辅料	帽绳	配主布色		1	3	2.00	2.00	
13615	JQ1619	主面料	德盈针纺	德盈针织	21#灰色	185	1.18	15	23.00	23.00	
13615	JQ1619	面料	祥盛罗纹	罗纹2X2	配主布颜色	120	0.26	15	40.00	40.00	
13615	JQ1619	面料	华胜蜡布	蜡布		110	0.05	15	13.00	13.00	
13615	JQ1619	辅料	棉绳 恒发辅料	人字带	配主布颜色		0.35	10	0.50	0.50	
13615	JQ1619	辅料	华顺橡筋	透明带1/4			0.7	10	0.15	0.15	
13615	JQ1619	辅料	致远辅料	鸡眼+胶垫	0.6CM银色		2	5	0.07	0.07	
13615	JQ1619	辅料	棉绳 恒发辅料	帽绳	配主布色（银色头）		1	3	2.00	2.00	
13616	JQ1620	主面料	德盈针纺	德盈针织	21#灰色	180	1.05	15	26.00	26.00	
13616	JQ1620	面料	祥盛罗纹	罗纹2X2	配主布颜色	120	0.08	15	40.00	40.00	
13616	JQ1620	辅料	华顺橡筋	丈巾2寸宽	白色		1	15	0.70	0.70	
13616	JQ1620	辅料		腰绳	配主布颜色（银色头）		1	3	2.00	2.00	
13616	JQ1620	辅料	利泰辅料	鸡眼+胶垫	0.6CM银色		2	3	0.35	0.35	
13627	JQ1622	主面料	梭织 千秋布业	千秋布业	白色	140	1.47	15	13.50	13.50	
13627	JQ1622	里布	华成里布行	9088 棉里布	配主布颜色	145	0.88	10	7.00	7.00	
13627	JQ1622	辅料	东莞市虎门永恒拉链厂	3号隐形拉链	配主布颜色		1	3	2.80	2.80	
13630	JQ1623	主面料		滩羊毛-088	6#黄卡其	180	1.12	10	80.00	80.00	
13630	JQ1623	里布	濠泰纺织	濠泰纺织	配主布颜色	145	1.31	10	13.00	13.00	
13630	JQ1623	辅料	利泰辅料	钩扣	9#（配毛毛色）		6	3	0.60	0.60	
13661	JQ1624	主面料	盈晟针织	盈晟针织	109#杏色	180	0.9	15	27.00	27.00	
13661	JQ1624	面料	祥盛罗纹	祥盛罗纹 1*1 32支罗纹，	配主布颜色	160		15	40.00	40.00	
13661	JQ1624	辅料		人字带	配主布颜色		0.35	10	0.50	0.50	
13661	JQ1624	辅料	华顺橡筋	透明带1/4	透明		0.8	10	0.15	0.15	
13661	JQ1624	面料	盈晟针织	盈晟针织	55# 绿色	180	0.9	15	27.00	27.00	
13670	JQ1625	主面料	锴泓纺织	锴泓纺织	4#白色	150	0.32	15	30.00	30.00	
13670	JQ1625	辅料	肩棉 胸棉 大丰辅料	胸垫	三角型白色		1	3	2.50	2.50	
13670	JQ1625	辅料	利泰辅料	调节扣	1.1CM银色（八字扣+圆圈）		2	3	0.35	0.35	
13670	JQ1625	辅料	华顺橡筋	丈根1/4	白色（瑜伽丈巾）		3.2	10	0.35	0.35	
13671	JQ1626	主面料	锴泓纺织	锴泓纺织	7#棕色	150	0.38	15	30.00	30.00	
13671	JQ1626	辅料	利泰辅料	钢圈			1	3	1.50	1.50	
13671	JQ1626	辅料	肩棉 胸棉 大丰辅料	胸垫	拖圆型白色		1	3	2.50	2.50	
13671	JQ1626	辅料	华顺橡筋	丈根1/4	瑜伽丈巾		2	10	0.35	0.35	
13698	JQ1628	主面料		成品服装7	黑色		1	1	35.00	35.00	
13699	JQ1629	主面料	港源麻棉	港源棉麻	16#棕色	135	1.3	15	18.50	18.50	
13699	JQ1629	辅料	东莞市虎门永恒拉链厂	3号隐形拉链	配主布颜色		1	3	2.50	2.50	
13699	JQ1629	辅料	精彩花边绣品铺料	精采花边	1.5CM（染主布颜色）		2.5	15	3.00	3.00	
13699	JQ1629	辅料	前卫衬朴	30D雪纺朴	黑色	120	0.1	10	2.20	2.20	
13699	JQ1629	辅料	华顺橡筋	橡筋耳仔	配主布颜色		8	3	0.07	0.07	
13736	JQ1630	主面料	盈晟针织	盈晟针织	24#白色	180	0.62	15	14.00	14.00	
13736	JQ1630	面料	祥盛罗纹	祥盛罗纹 1*1 32支罗纹，	白色	170	0.03	15	40.00	40.00	
13843	JQ1634	主面料		成品服装7	黑色		1	1	35.00	35.00	
13842	JQ1635	主面料		成品服装7	黑色		1	1	35.00	35.00	
13849	JQ1636	主面料		马业布行	A85绿色	136	1.62	10	24.50	24.50	
13849	JQ1636	面料	北方毛绒王	鹏发毛绒 派克毛	6#黄卡其	156	0.44	10	61.00	61.00	
13849	JQ1636	里布	濠泰纺织	濠泰纺织	配主布颜色	145	1.4	15	15.00	15.00	
13849	JQ1636	辅料	利泰辅料	钩扣	9号布钩扣（主布）		5	3	0.35	0.35	
13849	JQ1636	辅料	棉绳 恒发辅料	人字带	配主布颜色		0.1	15	0.50	0.50	
13849	JQ1636	辅料	肩棉 胸棉 大丰辅料	肩棉	白色		1	3	1.50	1.50	
13880	JQ1637	主面料	鸿达纺织	鸿达纺织	43#米黄色	140	1.50	15	14.00	14.00	
13880	JQ1637	衬布	前卫衬朴	30D雪纺朴	白色	120	0.2	10	2.20	2.20	
13880	JQ1637	辅料	金点包扣	1.5cm包扣 蘑菇扣	主布色		7	3	0.12	0.12	
13880	JQ1637	辅料	华顺橡筋	丈根1/4	白色		0.8	15	0.30	0.30	
13880	JQ1637	面料	鸿达纺织	鸿达纺织	19#姜黄色	145	1.35	15	14.00	14.00	
1489	JQ296	主面料		千秋布业	白色	150	1	5	21.00	21.00	
1489	JQ296	面料		睿航麻棉	白色	160	1	5	21.00	21.00	
1489	JQ296	面料	恒嘉纺织	濠泰纺织	白色	145	1	5	21.00	21.00	
1489	JQ296	面料		恒嘉纺织L9156黑色	白色	150	1	5	25.00	25.00	
1489	JQ296	面料		恒嘉纺织L9156 红色1号	白色		1	5	22.50	22.50	
1489	JQ296	面料	恒嘉纺织	恒嘉纺织L9156粉色136	白色	170	1	1	22.50	22.50	
1489	JQ296	主面料	港源麻棉	港源棉麻	白色		1	5	17.50	17.50	
1489	JQ296	主面料	恒嘉纺织	恒嘉纺织	白色	170	1	5	22.50	22.50	
11943	JQ437D	主面料	濠泰纺织	濠泰纺织16892	白色	140	1.30	15	17.50	17.50	
11943	JQ437D	辅料	前卫衬朴	针织朴	 白色	120	0.31	15	1.80	1.80	
11943	JQ437D	辅料	东莞市虎门永恒拉链厂	3号金属闭尾拉链	配主布颜色（圆环头）		1	3	4.30	4.30	
13947	JQ437S	主面料	濠泰纺织	濠泰纺织16892	白色	140	1.30	15	17.50	17.50	
13947	JQ437S	辅料	前卫衬朴	针织朴	 白色	120	0.31	15	1.80	1.80	
13947	JQ437S	辅料	东莞市虎门永恒拉链厂	3号金属闭尾拉链	配主布颜色（圆环头）		1	3	4.30	4.30	
13947	JQ437S	里布	华成里布行	9088 棉里布	配主布颜色	145	0.94	10	7.00	7.00	
5089	JQ741	面料	加源布行	加源布行	15号浅棕色	146	0.19	10	18.60	18.60	
5089	JQ741	面料	加源布行	加源布行	23#黄色	146	0.12	10	18.60	18.60	
5089	JQ741	主面料	加源布行	加源布行	26#深棕	146	0.26	10	18.60	18.60	
5089	JQ741	辅料	前卫衬朴	30D雪纺朴	白色	120	0.1	10	2.20	2.20	
5089	JQ741	辅料	四合扣 鹏发五金	四合扣（直径1.5CM)	古铜色		5	3	0.35	0.35	
5090	JQ742	面料		全棉韩国绒	紫色	136	0.55	15	36.10	36.10	
5090	JQ742	辅料	前卫衬朴	30D雪纺朴	白色	120	0.1	10	2.20	2.20	
5090	JQ742	辅料	四合扣 鹏发五金	四合扣（直径1.5CM)	古铜色		5	5	0.35	0.35	
5090	JQ742	主面料	加源布行	加源布行	棕色	146	0.5	10	18.60	18.60	
5910	JQ905	主面料	恒嘉纺织	恒嘉纺织	36#红色	176	0.73	10	22.50	22.50	
5910	JQ905	辅料	前卫衬朴	针织朴	黑色/白色	120	0.2	10	1.80	1.80	
5910	JQ905	辅料	东莞市虎门永恒拉链厂	3号金属开尾拉链	配主布颜色（圆环头）		1	3	4.50	4.50	
5911	JQ906	主面料	恒嘉纺织	恒嘉纺织	白色	150	0.81	10	22.50	22.50	
5911	JQ906	辅料	前卫衬朴	30D雪纺朴	白色	120	0.3	10	2.20	2.20	
5911	JQ906	辅料	东莞市虎门永恒拉链厂	3号金属开尾拉链	配主布颜色（圆环 拉链头）		1	3	4.50	4.50	
5911	JQ906	辅料	创亿辅料（橡筋）	透明带1/4	白色		0.6	10	0.15	0.15	
5911	JQ906	面料	恒嘉纺织	恒嘉纺织	白色	150	0.81	10	22.50	22.50	
5971	JQ913	主面料	梭织 千秋布业	千秋布业	颜色1	140	0.20	15	13.50	13.50	
5971	JQ913	面料	梭织 千秋布业	千秋布业	颜色2		0.20	15	13.50	13.50	
5971	JQ913	面料	梭织 千秋布业	千秋布业	颜色3	140	0.20	15	13.50	13.50	
5971	JQ913	面料	梭织 千秋布业	千秋布业	颜色4	145	0.20	15	13.50	13.50	
10726	JQ928D	主面料	濠泰纺织	濠泰纺织	白色	140	0.9	15	24.00	21.00	
10726	JQ928D	辅料	前卫衬朴	30D雪纺朴	白色	120	0.4	10	2.20	2.20	
10726	JQ928D	辅料	东莞市虎门永恒拉链厂	3号隐形拉链	配主布颜色		1	3	1.60	1.60	
10726	JQ928D	辅料	利泰辅料	日字扣	金色2 3/8寸宽		1	3	3.50	3.50	
10726	JQ928D	里布	华成里布行	9088 棉里布	配主布颜色	145	0.4	10	7.00	7.00	
10726	JQ928D	面料	濠泰纺织	濠泰纺织	白色（颜色 2）	140	0.9	15	21.00	21.00	
10726	JQ928D	辅料	利泰辅料	鸡眼+胶垫	0.5CM金色		8	3	0.07	0.07	
9419	JQ928Q	主面料	马业纺织	马业布行	A14黑色	140	0.75	15	24.00	24.00	
9419	JQ928Q	辅料	前卫衬朴	30D雪纺朴	白色/黑色	120	0.4	10	2.20	2.20	
9419	JQ928Q	辅料	东莞市虎门永恒拉链厂	3号隐形拉链	配主布颜色		1	3	1.60	1.60	
9419	JQ928Q	辅料	利泰辅料	日字扣	金属圆形2 3/8宽		1	3	3.50	3.50	
9419	JQ928Q	辅料	利泰辅料	鸡眼	0.5CM金属		8	5	0.07	0.07	
9419	JQ928Q	主面料	马业纺织	马业布行	71#蓝色	145	0.75	15	24.00	24.00	
9419	JQ928Q	主面料	马业纺织	马业布行	29#枣红	140	0.75	15	24.00	24.00	
9419	JQ928Q	里布	华成里布行	9088 棉里布	配主布颜色	140	0.4	10	7.00	7.00	
13754	JQ928S	主面料	濠泰纺织	濠泰纺织	白色	140	0.9	15	24.00	21.00	
13754	JQ928S	辅料	前卫衬朴	30D雪纺朴	白色	120	0.4	10	2.20	2.20	
13754	JQ928S	辅料	东莞市虎门永恒拉链厂	3号隐形拉链	配主布颜色		1	3	1.60	1.60	
13754	JQ928S	辅料	利泰辅料	日字扣	米黄色2 3/8寸宽		1	3	3.50	3.50	
13754	JQ928S	里布	华成里布行	9088 棉里布	配主布颜色	145	0.4	10	7.00	7.00	
11232	JU026	主面料		德胜针织	红色		1.38	10	30.50	30.50	
11232	JU026	辅料		5号金属闭尾拉链	配主布色		1	3	3.00	3.00	
11232	JU026	面料		祥盛螺纹	配主布色		0.25	10	40.00	40.00	
11232	JU026	辅料	利泰辅料	鸡眼+胶垫	0.5CM银色		4	5	0.07	0.07	
11232	JU026	辅料	华顺橡筋	1/8丈巾	黑色圆丈		1	10	0.35	0.35	
11232	JU026	辅料	利泰辅料	猪鼻扣	银色		2	3	0.80	0.80	
13684	JU062	主面料		彬彬纺织	18#浅灰色	145	2.7	15	90.00	90.00	
13684	JU062	里布	梭织 千秋布业	千秋布业	97#浅灰色	145	2.00	10	13.00	13.00	
13684	JU062	辅料	前卫衬朴	针织朴	白色	120	0.85	10	1.80	1.80	
13684	JU062	辅料	肩棉 胸棉 大丰辅料	肩棉	白色		1	3	1.50	1.50	
13684	JU062	辅料	添彩纽扣	扣子2.5CM	配主布颜色		4	3	0.15	0.15	
13718	JU063	主面料	新鹏宇	新鹏宇针织	18#粉色	176	1.76	15	24.50	24.50	
13718	JU063	辅料	前卫衬朴	30D雪纺朴	白色	120	0.35	10	2.20	2.20	
13718	JU063	辅料	华顺橡筋	透明带1/4			1	10	0.15	0.15	
13982	JU067	面料		面料	41#绿色		2.27	10	4.50	4.50	
10042	KK045	主面料		展兴面料	米白		0.19	10	30.00	30.00	
10042	KK045	面料		展兴	黑色		0.23	10	30.00	30.00	
10042	KK045	辅料		扣子	浅金扣子1.5CM		4	3	0.55	0.55	
10042	KK045	里布		韩国里布	红色		0.22	10	2.50	2.50	
10042	KK045	衬布		针织朴	黑色		0.4	10	2.50	2.50	
10042	KK045	辅料		3号隐形拉链	配主布颜色（红色）		1	3	2.00	2.00	
10313	KK058K	主面料		金源花边网布	白色		0.32	10	20.00	16.50	
10313	KK058K	辅料		3号隐形拉链	配主布色10寸		1	3	2.00	2.00	
10313	KK058K	里布		针织里布	配主布色		0.35	10	6.00	6.00	
10313	KK058K	主面料		网布	黑色		0.32	10	16.50	16.50	
12736	KK252K	主面料		嘉亿布行	30#杏色	154	0.82	10	30.50	30.50	
12736	KK252K	辅料		腰绳			1	3	2.00	2.00	
12736	KK252K	辅料	华顺橡筋	丈巾2寸宽	白色		1	15	0.70	0.70	
12735	KK252S	主面料		嘉亿布行	30#杏色	154	0.7	10	30.50	30.50	
12735	KK252S	辅料	添彩纽扣	扣子	配主布色1.2CM		2	3	0.15	0.15	
12735	KK252S	面料		祥盛螺纹	配主布色（定做的）		1	3	7.00	7.00	
12735	KK252S	辅料	棉绳 恒发辅料	人字带	配主布颜色		0.45	10	0.50	0.50	
13245	KK276	主面料	嘉亿纺织	嘉亿布行	30#杏色	1.55	0.28	10	30.50	30.50	
13245	KK276	辅料	棉绳 恒发辅料	腰绳	配主布颜色		1	3	1.50	1.50	
13422	KK286	主面料		鸿利纺织	黑色		1.6	10	23.50	23.50	
13422	KK286	辅料		3号金属闭尾拉链	配主布色YKK		1	1	3.00	3.00	
13422	KK286	辅料		扣子	银色		1	3	0.25	0.25	
13422	KK286	辅料		扣子	木扣1.5		2	3	0.15	0.15	
13422	KK286	辅料		日字扣	古铜色1.5寸		2	3	1.00	1.00	
13435	KK288	主面料		鸿利纺织	黑色		2.38	10	23.00	23.00	
13435	KK288	辅料		8号YKK拉链	配主布色		1	1	26.00	26.00	
13435	KK288	里布		间棉里	黑色		2.3	10	9.00	9.00	
13435	KK288	辅料		橡筋	黑色		2	10	0.60	0.60	
13610	KK295	主面料		巨丰纺织	黑色		1.25	10	23.50	23.50	
13610	KK295	辅料		即便条	彩色		2	10	1.00	1.00	
13610	KK295	面料		祥盛螺纹	黑色		0.25	10	40.00	40.00	
13610	KK295	辅料		3号隐形拉链	黑色10寸		2	3	0.50	0.50	
13610	KK295	里布		9088#	黑色棉里布		0.25	10	3.50	3.50	
13719	KK296	主面料		成品服装7	黑色		1	1	87.00	87.00	
13719	KK296	面料		成品服装8	浅灰		1	1	87.00	87.00	
13719	KK296	面料		成品服装4	灰绿		1	1	87.00	87.00	
13890	KK301	主面料	巨丰纺织	巨丰纺织	20#绿色	178	1.05	10	0.00	0.00	
13890	KK301	面料	祥盛罗纹	祥盛罗纹 1*1 32支罗纹，	配主布颜色（厚实1*1）	165	0.4	10	40.00	40.00	
13890	KK301	辅料	棉绳 恒发辅料	即便条	染主布颜色		2.5	10	0.50	0.50	
13890	KK301	辅料	添彩纽扣	扣子	染主布颜色1.5CM		5	3	0.12	0.12	
11474	KR016	主面料	德盛针织	德盛针织	21#灰色	170	0.68	15	36.50	36.50	
11474	KR016	面料	祥盛罗纹	祥盛罗纹 1*1 32支罗纹，	配主布颜色	160	0.025	15	40.00	40.00	
11474	KR016	辅料	棉绳 恒发辅料	人字带	配主布颜色		0.35	10	0.50	0.50	
11474	KR016	辅料	华顺橡筋	透明带1/4			0.6	10	0.15	0.15	
13230	KR101	主面料		CVC天鹅绒	105#海军蓝	145	1.05	15	16.50	16.50	
13230	KR101	面料	祥盛罗纹	罗纹2X2	配主布颜色	120	0.08	15	40.00	40.00	
13230	KR101	辅料	棉绳 恒发辅料	人字带	配主布颜色		0.35	10	0.50	0.50	
13230	KR101	辅料	鸿丝织带	棉织带	彩色2CM宽		0.65	10	3.50	3.50	
13563	KR110	主面料		成品服装7	黑色		1	1	38.00	38.00	
13565	KR111	主面料		成品服装7	白色		1	1	38.00	38.00	
13566	KR112	主面料		成品服装7	黑色		1	1	38.00	38.00	
13567	KR113	主面料		成品服装7	黑色		1	1	42.00	42.00	
13568	KR114	主面料		成品服装7	黑色		1	1	35.00	35.00	
13569	KR115	主面料		成品服装7	黑色		1	1	35.00	35.00	
13570	KR116	主面料	鸿利纺织	鸿利纺织		172	0.37	15	20.00	20.00	
13570	KR116	辅料	精彩花边绣品铺料	精采花边	米黄色1 1/8宽		0.85	15	3.50	3.50	
13570	KR116	辅料	东莞市虎门永恒拉链厂	3号金属闭尾拉链	配主布颜色（银牙）裤子		1	3	2.00	2.00	
13570	KR116	辅料	四合扣 鹏发五金	四合扣	1.5CM银色		1	3	0.35	0.35	
13580	KR117	主面料	梭织 千秋布业	千秋布业	3#白色	145	1.62	15	12.00	12.00	
13580	KR117	辅料	利泰辅料	调节扣	0.8CM金色（圆圈+八字扣）		2	3	0.35	0.35	
13580	KR117	辅料	利泰辅料	蝴蝶结	配主布颜色		1	3	1.00	1.00	
13742	KR118-S	主面料	濠泰纺织	濠泰纺织	白色	158	0.23	15	12.50	12.50	
13599	KR119-C	主面料	新鹏宇	新鹏宇针织	1#米白色	184	0.14	15	17.50	17.50	
13590	KR119-K	主面料	新鹏宇	新鹏宇针织	1#米白色	184	0.14	15	17.50	17.50	
13590	KR119-K	辅料	华顺橡筋	1寸丈根	白色		0.6	15	0.50	0.50	
13589	KR119-S	主面料	新鹏宇	新鹏宇针织	1#白色	180	0.39	15	17.50	17.50	
13589	KR119-S	辅料	添彩纽扣	扣子	白色1.1CM		5	3	0.10	0.10	
13629	KR120	主面料	伟泰纺织	伟泰纺织	26#蓝色	148	1.52	15	21.50	21.50	
13629	KR120	里布	聚宏网布	聚宏网布	配主布颜色	156	1.1	10	10.00	10.00	
13629	KR120	辅料	东莞市虎门永恒拉链厂	5号金属开尾拉链	配主布颜色（银牙）		1	3	7.00	7.00	
13629	KR120	辅料	东莞市虎门永恒拉链厂	5号金属闭尾拉链	配主布颜色		2	3	3.00	3.00	
13629	KR120	辅料	前卫衬朴	30D雪纺朴	白色	120	0.4	10	2.20	2.20	
13629	KR120	辅料	华顺橡筋	丈根2 1/4寸宽	白色		1.5	15	0.70	0.70	
13631	KR121	主面料		蜡染棉大卫衣	4#黑色	178	1.17	15	39.00	39.00	
13631	KR121	辅料	华顺橡筋	丈根1 5/8宽	黑色		0.8	15	0.60	0.60	
13649	KR123	主面料	巨丰纺织	巨丰纺织	147#灰色	175	1.4	15	23.50	23.50	
13649	KR123	面料	祥盛罗纹	罗纹2X2	配主布颜色	120	0.28	15	40.00	40.00	
13712	KR126	主面料	新鹏宇	新鹏宇针织	11#灰色	145	0.9	15	26.00	26.00	
13712	KR126	辅料	添彩纽扣	扣子	黑色1.1CM		3	3	0.12	0.12	
13712	KR126	辅料	前卫衬朴	针织朴	黑色	120	0.15	10	1.80	1.80	
13716	KR127	主面料	德盛针织	德盈针织	81#粉色	182	0.85	10	16.00	16.00	
13716	KR127	辅料	华顺橡筋	透明带1/4			1	10	0.15	0.15	
13716	KR127	面料	德盈针纺	德盈针纺	37#白色	160	0.85	10	16.00	16.00	
13800	KR128	主面料	巨丰纺织	巨丰纺织	001#米白色	135	1	10	32.50	32.50	
13800	KR128	面料	祥盛罗纹	祥盛罗纹 1*1 32支罗纹，	配主布颜色（厚实1*1）	165	0.15	15	40.00	40.00	
13800	KR128	辅料	东莞市虎门永恒拉链厂	5号金属开尾拉链	配主布颜色（银牙）		4	3	7.00	7.00	
13881	KR129-K	主面料	德盛针织	德盛针织	11#白色	175	1.13	15	32.50	32.50	
13881	KR129-K	辅料	华顺橡筋	丈巾1 1/2宽	白色		1	15	0.50	0.60	
13881	KR129-K	辅料	华顺橡筋	1寸丈根	白色		0.8	15	0.50	0.50	
13838	KR129-S	主面料	巨丰纺织	巨丰纺织	001#米白色	175	1.35	10	32.50	32.50	
13838	KR129-S	面料	祥盛罗纹	罗纹2X2	配主布颜色	120	0.28	15	40.00	40.00	
13838	KR129-S	辅料	棉绳 恒发辅料	人字带	配主布颜色		0.35	10	0.50	0.50	
13838	KR129-S	辅料	创亿辅料（橡筋）	透明带1/4			0.7	10	0.15	0.15	
12918	LC418S	主面料	韩亿纺纺织	韩亿纺	黑色	145	1.49	10	25.50	25.50	
12918	LC418S	里布	伟盛纺织	伟盛纺织	配主布色	145	1.16	10	8.00	8.00	
12918	LC418S	辅料	添彩纽扣	扣子	配主布色门襟20mm		2	3	0.20	0.20	
12918	LC418S	辅料	添彩纽扣	扣子	配主布色15mm袖子扣子		6	3	0.15	0.15	
12918	LC418S	辅料	肩棉 胸棉 大丰辅料	肩棉	配主布色1cm厚3cm宽肩垫一对		1	3	1.00	1.00	
12918	LC418S	辅料		西装朴	配主布色		1.49	10	3.50	3.50	
12920	LC419K	辅料		3号隐形拉链	配色YKK金属头拉链		1	3	5.00	5.00	
12920	LC419K	辅料		钩扣	银色钩扣		1	3	0.35	0.35	
12920	LC419K	辅料		扣子	透明扣1.5cm		1	3	0.10	0.10	
12920	LC419K	衬布		针织朴	白色	140	0.25	10	2.80	2.80	
12920	LC419K	里布		针织里布	配主布色	145	0.25	10	3.80	3.80	
12920	LC419K	主面料	韩亿纺纺织	韩亿纺	白色	145	1.55	10	25.50	25.50	
12819	LO012_new_1761630078	主面料	巨鑫纺织	巨鑫布业	1#黑色	155	2.05	15	22.00	22.00	
12819	LO012_new_1761630078	面料	祥盛罗纹	罗纹2X2	配主布颜色	120	0.2	15	40.00	40.00	
12819	LO012_new_1761630078	辅料	东莞市虎门永恒拉链厂	5号胶牙拉链	配主布颜色		1	3	2.80	2.80	
12819	LO012_new_1761630078	辅料	棉绳 恒发辅料	人字带	配主布颜色		0.35	10	0.50	0.50	
12819	LO012_new_1761630078	辅料	华顺橡筋	丈根1 1/4宽	染主布颜色（带开好纽门）		0.69	15	0.80	0.80	
12819	LO012_new_1761630078	辅料	添彩纽扣	透明扣	1.5CM		1	3	0.10	0.10	
13778	LO028	主面料		成品服装7	灰色		1	1	60.00	60.00	
13167	LO036童装	主面料	濠泰纺织	濠泰纺织	2#白色		0.56	15	25.00	25.00	
13167	LO036童装	辅料	华顺橡筋	1寸丈根	白色		0.7	15	0.50	0.50	
13167	LO036童装	辅料	棉绳 恒发辅料	腰绳	黑色		1	3	2.00	2.00	
13168	LO037童装定制	主面料	盈晟针织	盈晟针织	110#杏色	178	0.3	15	30.00	30.00	
13168	LO037童装定制	面料	祥盛罗纹	祥盛罗纹 1*1 32支罗纹，	配主布颜色	165	0.015	15	40.00	40.00	
13168	LO037童装定制	辅料	棉绳 恒发辅料	人字带	配主布颜色		0.2	10	0.50	0.50	
13168	LO037童装定制	辅料	华顺橡筋	透明带1/4			0.5	10	0.15	0.15	
13169	LO038	主面料	濠泰纺织	濠泰纺织	8#灰色	136	0.62	15	15.00	15.00	
13169	LO038	辅料	前卫衬朴	西装朴	衫衣朴	120	0.13	10	5.00	5.00	
13169	LO038	辅料	添彩纽扣	扣子	1.2CM蓝色胶扣		6	10	0.12	0.12	
13196	LO039	主面料	盈晟针织	盈晟针织	42#米白色	166	0.8	15	23.00	23.00	
13196	LO039	辅料	华顺橡筋	丈巾1 1/2宽	白色		0.52	15	0.60	0.60	
13776	LO058	主面料		成品服装7	黑色		1	1	45.00	45.00	
13777	LO059	主面料		成品服装7	黑色		1	1	60.00	60.00	
13902	LO062	主面料		成品服装7	紫色			0	0.00	0.00	
13907	LO063	主面料		成品服装7	花灰色		1	1	44.00	44.00	
13917	LO064	主面料		成品服装7	棕色		1	1	43.00	43.00	
13918	LO065	主面料		成品服装7	藏青色		1	1	27.00	27.00	
13748	LO077	主面料		成品服装7	黑色		1	3	35.00	35.00	
12303	MA011	主面料		成衣采购	藏青色		1	1	26.00	26.00	
12303	MA011	面料		成品服装8	白色		1	1	26.00	26.00	
13642	ma036	主面料		成品服装7	灰蓝色		1	1	52.00	52.00	
13772	ma040	主面料	濠泰纺织	濠泰纺织	棕色	165	1.58	10	20.00	20.00	
13772	ma040	里布	华成里布行	间棉里	黑色	145	0.98	10	10.00	10.00	
13772	ma040	面料	祥盛罗纹	罗纹2X2	黑色	120	0.28	15	40.00	40.00	
13772	ma040	辅料	东莞市虎门永恒拉链厂	5号金属开尾拉链	配主布颜色（银牙）		1	3	7.00	7.00	
13901	ma043	主面料	巨丰纺织	巨丰纺织	19#黑色	180	0.9	10	18.50	18.50	
13901	ma043	面料	祥盛罗纹	祥盛罗纹 1*1 32支罗纹，	配主布颜色	170	0.03	15	40.00	40.00	
7915	MG2501050	主面料		德盈网纱	白色		1.6	10	6.00	6.00	
7915	MG2501050	里布		捷昇布行	酒红色		0.85	10	8.60	8.60	
7915	MG2501050	辅料		透明带1/4			1	10	0.15	0.15	
11581	MG2601675	主面料	(广纶纺织）绍兴慕艺纺织有限公司	印花麻料	花色	1.36	1.98	10	19.00	19.00	
11581	MG2601675	里布	华成纺织	人棉	白色	142	0.2	8	6.00	6.00	
11581	MG2601675	辅料		3号隐形拉链	YKK配主布色长40cm		1	3	3.20	3.20	
11581	MG2601675	辅料	嘉丰松紧带	橡筋	白色2cm宽		0.3	3	0.25	0.25	
11581	MG2601675	辅料		勾扣	银色		1	3	0.15	0.15	
11581	MG2601675	辅料		橡筋	1/4宽橡筋		0.5	5	0.12	0.12	
11581	MG2601675	辅料		调节扣	银色2.5cm		2	3	0.36	0.36	
12798	MG2603670	主面料		格子布	黄色		1.63	10	12.50	12.50	
12798	MG2603670	辅料		扣子2.5CM	日子扣		1	3	2.00	2.00	
12798	MG2603670	辅料		主布包扣	1CM		5	3	0.15	0.15	
13655	MG2604300	主面料		彩格纺	蓝色		0.35	10	7.50	7.50	
13655	MG2604300	面料		天丝细条纹	白色		0.45	10	11.50	11.50	
13655	MG2604300	辅料		橡筋	白色		1	10	0.60	0.60	
13655	MG2604300	里布		针织里布	蓝色		0.3	10	16.00	16.00	
13657	MG2604350	主面料		彩格纺	蓝色		0.93	10	7.50	7.50	
13657	MG2604350	里布		针织里布	蓝色		0.79	10	16.00	16.00	
13657	MG2604350	辅料		3号隐形拉链	配主布色		1	3	3.00	3.00	
13654	MG2604351	主面料		彩格纺	蓝色		0.41	10	7.50	7.50	
13654	MG2604351	面料		天丝细条纹	白色		1.84	10	11.50	11.50	
13654	MG2604351	里布		针织里布	蓝色		0.18	10	16.00	16.00	
13654	MG2604351	辅料		防滑带	白色		0.9	10	1.00	1.00	
13459	MG2604401	主面料		大兴纺织	绿色		1.41	10	11.50	11.50	
13459	MG2604401	辅料		扣子	银色		7	10	0.25	0.25	
13458	MG2604463	主面料		大兴纺织	绿色		1.81	10	11.50	11.50	
13458	MG2604463	辅料		扣子	银色		5	10	0.25	0.25	
13656	MG2604615	主面料		天丝细条纹	白色		0.82	10	11.50	11.50	
13577	MG2604631	主面料		富锦棉绣花布	白色		1.97	10	22.50	22.50	
13577	MG2604631	面料		人棉	白色		1.67	10	6.80	6.80	
13578	MG2604663	主面料		富锦棉绣花布	白色		1.97	10	22.50	22.50	
13578	MG2604663	里布		人棉	白色里布		1.67	10	6.80	6.80	
13578	MG2604663	辅料		3号隐形拉链	白色		1	3	3.00	3.00	
13579	MG2604664	主面料		富锦棉绣花布	白色		2.9	10	22.50	22.50	
13579	MG2604664	里布		人棉	白色		2.6	10	6.80	6.80	
13579	MG2604664	辅料		主布包扣	配主布色1cm		8	3	0.15	0.15	
13534	OW034	主面料	德盛针织	德盛针织	10#黑色	180	0.85	15	22.00	22.00	
13534	OW034	面料	祥盛罗纹	祥盛罗纹 1*1 32支罗纹，	配主布颜色	165	0.03	15	40.00	40.00	
13534	OW034	辅料	棉绳 恒发辅料	人字带	配主布颜色		0.35	10	0.50	0.50	
13534	OW034	辅料	华顺橡筋	透明带1/4			0.6	10	0.15	0.15	
12066	PDD002	主面料		伟业纺织	黑色		0.32	10	8.00	8.00	
12066	PDD002	面料		万利	黑色		0.26	10	6.00	6.00	
12066	PDD002	辅料		橡筋	黑色1/4		0.5	10	0.20	0.20	
12109	PDD055	主面料		伟盛纺织	蓝色		1	10	10.00	10.00	
12109	PDD055	里布		韩国里布	蓝色105号色		0.65	10	3.00	3.00	
12109	PDD055	辅料		包扣	配主布色22号		5	3	0.15	0.15	
12109	PDD055	辅料		3号隐形拉链	配主布色		1	3	1.00	1.00	
12109	PDD055	主面料		伟盛纺织	47号咖啡		1	10	10.00	10.00	
12109	PDD055	里布		韩国里	269号咖啡色		0.65	10	3.00	3.00	
12337	PDD071K	主面料		新盛马布业	绿色		1.13	10	10.00	10.00	
12337	PDD071K	辅料		裤子拉链	配主布色297号色		1	3	1.00	1.00	
12337	PDD071K	辅料		扣子	花色1.8cm		3	3	0.25	0.25	
12337	PDD071K	辅料		橡筋	黑色1 3/4		0.5	10	0.60	0.60	
12338	PDD071S	主面料		新盛马布业	绿色		1.42	10	10.00	10.00	
12338	PDD071S	里布		四面弹里布	配主布色		1.15	10	4.50	4.50	
12338	PDD071S	辅料		扣子	1.8cm		3	3	0.25	0.25	
12338	PDD071S	辅料		扣子	配主布色1.5		6	3	0.15	0.15	
12338	PDD071S	辅料		肩棉	黑色		1	3	1.00	1.00	
12545	PDD099K	主面料		新盛马布业	黑色		0.94	10	7.00	7.00	
12545	PDD099K	辅料		裤子拉链	黑色		1	3	1.00	1.00	
12545	PDD099K	辅料		勾扣	银色，手工订		1	3	0.50	0.50	
12554	PDD106Q	主面料		华信纺织2386#100D精品四面弹	棕底豹纹	145	0.49	10	10.00	10.00	
12554	PDD106Q	里布		里布	配主料颜色	145	0.42	10	4.50	4.50	
12553	PDD106S	主面料		华信纺织2386#100D精品四面弹	棕底豹纹	145	1.44	10	10.00	10.00	
12553	PDD106S	里布		里布	配主布色	145	1.16	10	4.50	4.50	
12553	PDD106S	辅料		扣子2CM	金属金色		2	3	0.25	0.25	
12553	PDD106S	辅料		肩棉	黑色		1	3	1.00	1.00	
12569	PDD117	主面料		联新纺织	灰色		1.53	10	9.50	9.50	
12569	PDD117	辅料		裤子拉链	配528号灰色		1	3	0.25	0.25	
12569	PDD117	辅料		橡筋	配色1寸宽		1.6	10	0.80	0.80	
12569	PDD117	辅料		调节扣	银色1寸宽		2	3	1.00	1.00	
12569	PDD117	辅料		透明扣	白色2cm		6	3	0.07	0.07	
12569	PDD117	辅料		勾扣	银色西裤勾扣		1	3	0.20	0.20	
12714	PDD139	主面料		新盛马布业	卡其		1.42	10	9.80	9.80	
12714	PDD139	辅料		扣子	黑色2.5		3	3	0.25	0.25	
12714	PDD139	里布		里布	卡其		0.82	10	4.50	4.50	
12714	PDD139	衬布		扑	卡其		1.42	10	3.00	3.00	
12714	PDD139	辅料		透明扣	透明扣2.0cn		1	3	0.20	0.20	
12809	PDD144	主面料		金记纺织	黑色	145	1.71	10	8.80	8.80	
12809	PDD144	辅料		3号隐形拉链	黑色		1	3	0.50	0.50	
12812	PDD147	主面料		新林智纺织	白色	134	1.31	10	7.80	7.80	
12812	PDD147	辅料		3号隐形拉链	白色		1	3	1.50	1.50	
12848	PDD148	主面料		金源花边网布	黑色	143	1.44	10	8.50	8.50	
12848	PDD148	里布	巨鑫纺织	巨鑫布业	米色	175	0.92	10	7.50	7.50	
12848	PDD148	辅料		3号隐形拉链	配主布色		1	3	1.50	1.50	
12851	PDD150	主面料		鸿利纺织	牛仔蓝	153	1.39	10	10.00	20.50	
12851	PDD150	辅料		摇头扣	银色		8	3	0.25	0.25	
13017	PDDA169	主面料	新盛马纺织	广州新盛	红色		1.64	10	9.00	9.00	
13017	PDDA169	衬布		30D雪纺朴	白色		0.35	10	2.20	2.20	
13017	PDDA169	辅料		3号隐形拉链	红色397色号		1	3	1.50	1.50	
13017	PDDA169	辅料		主布包扣	配主布色1cm		3	3	0.15	0.15	
13023	PDDA175	主面料		广州新盛	杏色	115	1.61	10	9.00	9.00	
13023	PDDA175	辅料		3号隐形拉链	配主布色		1	3	1.50	1.50	
13030	PDDA180	主面料	新盛马纺织	广州新盛	蓝色	148	1.60	10	9.00	9.00	
13030	PDDA180	辅料		3号隐形拉链	配主布色		1	3	1.50	1.50	
13040	PDDA182	主面料		鸿丰纺织	白色	145	1.09	10	9.00	9.00	
13040	PDDA182	面料		里布	白色	145	0.64	10	4.50	4.50	
13042	PDDA184	主面料	合盛纺织	合盛布行	浅灰	145	1.19	10	10.00	7.60	
13042	PDDA184	衬布		30D雪纺朴	白色		0.25	10	2.20	2.20	
13042	PDDA184	辅料		扣子	白色1.2CM贝壳		3	3	0.15	0.15	
13113	PDDA189	主面料		金源花边网布	黑色	150	0.80	10	9.80	9.80	
13113	PDDA189	面料		巨鑫布业	黑色		0.5	10	5.50	5.50	
13113	PDDA189	辅料		扣子	黑色		1	3	0.12	0.12	
13113	PDDA189	辅料		橡筋耳仔	配主布色		1	10	0.03	0.03	
13114	PDDA190	主面料		金源花边网布	黑色		0.65	10	9.50	9.50	
13116	PDDA194	主面料		广州新盛	咖啡色	154	0.63	10	5.60	5.60	
13116	PDDA194	面料	巨鑫纺织	巨鑫布业	咖啡色	145	0.84	10	7.00	7.00	
13124	PDDA196	主面料		广州新盛	白色	150	1.40	10	6.00	6.00	
13124	PDDA196	面料		四面弹里布	配主布色		0.87	10	4.50	4.50	
13124	PDDA196	辅料		3号隐形拉链	配色105号色		1	3	1.50	1.50	
13124	PDDA196	衬布		30D雪纺朴	白色		0.3	10	2.20	2.20	
13142	PDDA201	主面料		广州新盛	咖啡色		0.93	10	9.00	9.00	
13142	PDDA201	辅料		3号隐形拉链	配主布色299咖色		1	3	1.50	1.50	
13143	PDDA202	主面料		广州新盛	咖啡色	146	1.87	10	9.00	9.00	
13143	PDDA202	辅料		3号隐形拉链	配主布色		1	3	1.00	1.50	
13146	PDDA205	主面料		广州新盛	深玫瑰棕	142	0.6	10	6.50	6.50	
13146	PDDA205	辅料		扣子	蘑菇扣本布包扣		2	3	0.25	0.25	
13146	PDDA205	辅料		橡筋耳仔	配主布色		1	10	0.20	0.20	
13222	PDDA213	主面料		广州新盛	白色		2.09	10	5.60	5.60	
13222	PDDA213	里布		四面弹里布	配主布色		1.82	10	3.50	3.50	
13222	PDDA213	辅料		3号隐形拉链	白色		1	3	0.50	0.50	
13222	PDDA213	辅料		橡筋	白色		0.6	10	0.60	0.60	
13224	PDDA215	主面料		旭丰纺织货号R536	印花网布		1.45	10	12.00	12.00	
13224	PDDA215	里布		巨鑫布业	黑色		0.83	10	5.50	5.50	
13254	PDDA220	主面料		旭丰纺织货号R536	白色		0.66	10	4.50	4.50	
13332	PDDA222	主面料		鸿豊纺织	白色		0.92	10	11.00	11.00	
13332	PDDA222	里布		四面弹里布	配主布色		0.66	10	3.50	3.50	
13332	PDDA222	辅料		3号隐形拉链	白色		1	3	0.60	0.60	
13333	PDDA223	主面料		鸿丰纺织	绿色		0.96	10	9.70	9.70	
13333	PDDA223	辅料		3号隐形拉链	配461号绿色长24寸		1	3	0.50	0.50	
13334	PDDA224	主面料		鸿丰纺织	白色		0.74	10	10.80	10.80	
13334	PDDA224	里布		四面弹里布	白色		0.61	10	3.50	3.50	
13334	PDDA224	辅料		3号隐形拉链	白色		1	3	0.50	0.50	
13334	PDDA224	辅料		橡筋	白色橡筋2.5cm		1	10	0.60	0.60	
13336	PDDA226	主面料		德兴布业	白色		0.42	10	8.50	8.50	
13336	PDDA226	辅料		蘑菇扣	白色		3	3	0.15	0.15	
13456	PDDA227	主面料		行通	白色		0.9	10	9.00	9.00	
13456	PDDA227	面料		广州新盛	黑色		0.20	10	4.50	4.50	
13456	PDDA227	辅料		3号隐形拉链	白色		1	3	0.50	0.50	
13464	PDDA234	主面料		行通	花色		0.94	10	5.50	5.50	
13464	PDDA234	里布		四面弹里布	白色		0.61	10	3.50	3.50	
13464	PDDA234	辅料		3号隐形拉链	白色		1	3	0.60	0.60	
13463	PDDA235	主面料		行通	蓝白条		1.30	10	6.60	6.60	
13461	PDDA237	主面料		行通	白色		0.52	10	4.80	4.80	
13461	PDDA237	辅料		金源花边网布	白色		0.8	10	1.00	1.00	
13460	PDDA238	主面料		行通	绿色		1.2	10	5.50	5.50	
13486	PDDA241	主面料		龙马纺织	蓝色		0.90	10	8.60	8.60	
13486	PDDA241	里布		四面弹里布	白色		0.92	10	3.50	3.50	
13503	PDDA246	主面料		行通	白底兰花		0.65	10	7.80	7.80	
13503	PDDA246	面料		广州新盛	蓝色		0.12	10	3.90	3.90	
13746	PDDG001	主面料		恒泰布业	白色		1.35	10	7.70	7.70	
13746	PDDG001	辅料		3号隐形拉链	白色		1	3	1.00	1.00	
13746	PDDG001	辅料		调节扣	银色		2	3	0.25	0.25	
13747	PDDG002	主面料		恒泰布业	浅黄色		1	1	7.70	7.70	
12876	PDDW151	主面料		广州新盛	黑色	170	1	10	7.00	7.00	
12876	PDDW151	辅料		扣子	黑色2cm		1	3	0.15	0.15	
12876	PDDW151	辅料		3号隐形拉链	配主布色12寸		1	3	1.00	1.00	
12970	PDDW158	主面料		恒丰佳纺织	蓝色花	143	1.23	10	8.00	8.00	
12970	PDDW158	辅料		橡筋	配主布色		0.5	10	0.60	0.60	
12972	PDDW161	主面料		广州风格	咖啡色方格		1.23	10	10.00	8.00	
12972	PDDW161	辅料		橡筋	白色		0.55	10	0.50	0.50	
12972	PDDW161	辅料		裤子拉链	配主布色		1	3	0.50	0.50	
12972	PDDW161	辅料		扣子	图片色2cm		2	3	0.20	0.20	
13039	PDDW181	主面料		恒丰佳纺织	黑色	147	1.45	10	8.50	8.50	
13039	PDDW181	衬布		针织朴	黑色		0.12	10	1.80	1.80	
13039	PDDW181	辅料		扣子	蘑菇扣黑色		2	3	0.25	0.25	
13039	PDDW181	辅料		扣子	黑色1.2		5	3	0.15	0.15	
13127	PDDW198	主面料		佳泰纺织	咖啡色	145	1.19	10	4.50	4.80	
13127	PDDW198	辅料		透明带1/4	白色		2	10	0.15	0.15	
13149	PDDW208	主面料		联盛	杏底红格	140	1.02	10	7.00	7.00	
13149	PDDW208	衬布		针织朴	白色		0.2	10	1.80	1.80	
13149	PDDW208	辅料		扣子	蘑菇包扣		3	3	0.25	0.25	
13149	PDDW208	辅料		橡筋耳仔	配主布色		1	10	0.20	0.20	
13219	PDDW210	主面料		广州三好纺织	蓝色		0.79	10	6.00	6.00	
13219	PDDW210	辅料		主布包扣	配主布色2.5		3	3	0.25	0.25	
13219	PDDW210	辅料		3号隐形拉链	配主布色		1	3	0.50	0.50	
13219	PDDW210	辅料		橡筋	白色		0.6	10	0.60	0.60	
13219	PDDW210	里布		四面弹里布	519号色		0.17	10	3.50	3.50	
13220	PDDW211	主面料		广州新盛	蓝色		1.55	10	6.50	6.50	
13220	PDDW211	里布		四面弹里布	配主布色		1.2	10	3.50	3.50	
13220	PDDW211	辅料		3号隐形拉链	配主布色		1	3	1.00	1.00	
13450	PDDW232	主面料		广州新盛	米白色		0.75	10	5.50	5.50	
13450	PDDW232	辅料		橡筋耳仔	配主布色		3	10	0.10	0.10	
13450	PDDW232	辅料		蘑菇扣	白色		4	10	0.15	0.15	
13448	PDDW233	主面料		广州三好纺织	黑色		2.90	10	7.20	7.20	
13448	PDDW233	面料		金源花边网布	黑色		0.12	10	10.00	10.00	
13484	PDDW240	主面料		新年丰纺织	粉色		1.04	10	11.00	11.00	
13484	PDDW240	里布		巨鑫布业	粉色		0.82	10	5.50	5.50	
13484	PDDW240	辅料		3号隐形拉链	配主布色		1	3	0.50	0.50	
13825	PDDW241	主面料		龙马纺织	蓝色		0.90	10	8.60	8.60	
13825	PDDW241	里布		四面弹里布	白色		0.92	10	3.50	3.50	
13485	PDDW242	主面料		马业布行	蓝白条		1.27	10	8.60	8.60	
13485	PDDW242	里布		四面弹里布	配主布色		1.17	10	3.50	3.50	
13485	PDDW242	辅料		3号隐形拉链	白色长16寸		1	3	0.50	0.50	
13526	PDDW248	主面料		广州三好纺织	杏色		1.21	10	10.50	10.50	
13526	PDDW248	辅料		扣子	白色1.2CM		9	10	0.15	0.15	
13527	PDDW249K	主面料		广州新盛	黑色		1.29	10	8.00	8.00	
13527	PDDW249K	辅料		3号尼龙拉链开尾	黑色		1	3	0.50	0.50	
13527	PDDW249K	辅料		扣子	黑色2cm		2	3	0.15	0.15	
13528	PDDW249S	主面料		广州新盛	黑色		0.98	10	8.00	8.00	
13528	PDDW249S	里布		韩国里布	黑色		0.61	10	2.50	2.50	
13528	PDDW249S	辅料		扣子	黑色2cm		2	3	0.25	0.25	
13528	PDDW249S	辅料		皮带	黑色		1	3	5.00	5.00	
13529	PDDW250	主面料		广州三好纺织	红色		1.06	10	7.30	7.30	
13529	PDDW250	面料		广州新盛	白色		0.76	10	3.90	3.90	
13529	PDDW250	辅料		3号隐形拉链	配主布色		1	3	0.60	0.60	
13529	PDDW250	辅料		扣子	白色1.2CM		11	10	0.10	0.10	
13546	PDDW251	主面料		广州新盛	灰色		1.39	10	7.10	7.10	
13546	PDDW251	辅料		3号隐形拉链	配主布色		1	1	0.50	0.50	
13546	PDDW251	辅料		橡筋	白色/黑色1寸半		0.5	10	0.50	0.50	
13637	PDDW252	主面料		广州新盛	黄色		2.13	10	5.50	5.50	
13637	PDDW252	辅料		五金装饰	金色		1	3	2.00	2.00	
13637	PDDW252	辅料		3号隐形拉链	白色		1	3	0.50	0.50	
13638	PDDW253	主面料		行通	豹纹		1.48	10	5.50	5.50	
13638	PDDW253	辅料		扣子	黑色1.2		8	10	0.15	0.15	
13639	PDDW254	主面料		珍珠雪纺印花	豹纹		1.27	10	6.80	6.80	
13639	PDDW254	辅料		扣子	黑色1.2		10	10	0.15	0.15	
13717	PDDW255	主面料		直贡呢	蓝色		0.94	10	7.80	7.80	
13717	PDDW255	辅料		五金装饰	金色2cm		7	3	0.50	0.50	
13717	PDDW255	辅料		3号隐形拉链	蓝色		1	3	0.50	0.50	
13730	PDDW256	主面料		羽毛	白色		0.36	10	17.50	17.50	
13730	PDDW256	面料		广州新盛	白色		1.75	10	5.50	5.50	
13730	PDDW256	里布		牛奶丝	白色		1.36	10	5.50	5.50	
13730	PDDW256	辅料		3号隐形拉链	白色		1	3	0.50	0.50	
13815	PDDW259	主面料		广州新盛	黑色蚂蚁布		0.5	10	7.30	7.30	
13815	PDDW259	面料		精采花边	黑色		2.09	10	3.00	3.00	
13815	PDDW259	辅料		3号隐形拉链	黑色		1	3	0.50	0.50	
13821	PDDW265	主面料		鸿丰纺织	5号黄色		1	10	14.00	14.00	
13821	PDDW265	里布		四面弹里布	19号黄色		0.83	10	4.50	4.50	
13824	PDDW267K	主面料		宏丰色织	黄色条纹		0.66	10	7.80	7.80	
13824	PDDW267K	辅料		橡筋	白色		1	10	0.50	0.50	
13823	PDDW267S	主面料		宏丰色织	黄色条纹		0.49	10	7.80	7.80	
13805	PDDW268	主面料		广州新盛	咖色		1.27	10	6.40	6.40	
13805	PDDW268	面料		蕾丝面料	黑色		0.8	10	2.50	2.50	
13805	PDDW268	辅料		3号隐形拉链	咖色		1	3	0.50	0.50	
13805	PDDW268	辅料		调节扣	银色1cm		2	3	0.20	0.20	
13910	PDDW274	主面料		恒泰布业	涤哑光2034黑色		1.07	10	7.00	7.00	
13910	PDDW274	面料		蕾丝面料	黑色		0.33	10	10.00	10.00	
13910	PDDW274	辅料		3号隐形拉链	黑色		1	3	0.50	0.50	
13908	PDDW276	主面料		行通	黑色		1.52	10	7.50	7.50	
13908	PDDW276	辅料		日字扣	金属金色2寸		1	3	1.00	1.00	
13908	PDDW276	辅料		3号隐形拉链	黑色长16寸		1	3	0.50	0.50	
13908	PDDW276	辅料		橡筋	黑色1 1/2		0.5	10	0.50	0.50	
13913	PDDW278	主面料		蕾丝面料	红色		0.77	10	10.00	16.00	
13913	PDDW278	面料		消光破卡	红色12号		0.25	10	5.80	5.80	
13913	PDDW278	里布		巨鑫布业	28号米白色		0.67	10	5.50	5.50	
13913	PDDW278	辅料		3号隐形拉链	红色		1	3	0.50	0.50	
14057	PDDW279Q	主面料		鸿丰纺织	白色8050		1.01	5	8.80	8.80	
14057	PDDW279Q	辅料		橡筋	白色2分宽		1	10	0.30	0.30	
14057	PDDW279Q	里布		四面弹里布	配主布色		0.72	10	4.50	4.50	
13914	PDDW279S	主面料		鸿丰纺织	白色8050		0.49	5	8.80	8.80	
13914	PDDW279S	辅料		橡筋	黑色2分宽		0.8	10	0.60	0.60	
13914	PDDW279S	里布		四面弹里布	配主布色		0.28	5	4.50	4.50	
13914	PDDW279S	辅料		橡筋	白色2分宽		2	10	0.30	0.30	
13914	PDDW279S	辅料		调节扣	银色0.8CM		2	3	0.15	0.15	
13909	PDDW280	主面料		金记纺织	蓝色条纹		1.03	10	9.00	9.00	
13909	PDDW280	辅料		扣子	白色1.2CM		9	10	0.15	0.15	
10455	PE002	主面料	德盛针织	德盛针织	2#黑色	180	0.99	15	27.50	27.50	
10455	PE002	面料	德盛针织	德盛针织	83#黄色	180	0.24	15	27.50	27.50	
10455	PE002	面料	德盛针织	德盛针织	7#灰色	180	0.42	15	27.50	27.50	
10455	PE002	辅料	棉绳 恒发辅料	人字带	配主布颜色		0.35	10	0.50	0.50	
10455	PE002	辅料	棉绳 恒发辅料	透明带1/4			0.8	10	0.15	0.15	
10455	PE002	面料	祥盛罗纹	罗纹2X2	黑色		0.05	10	40.00	40.00	
10455	PE002	面料	祥盛罗纹	21支2*2罗纹	配主布颜色（黄色）		0.2	10	40.00	40.00	
10902	PE021K	主面料	伟盛纺织	伟盛纺织	41#黑色	140	1.9	15	16.00	16.00	
10902	PE021K	主面料	伟盛纺织	潮新布行	黑色网布	160	1.04	10	10.00	10.00	
10902	PE021K	辅料	东莞市虎门永恒拉链厂	防水拉链	3#黑色		2	3	1.70	1.70	
10902	PE021K	辅料	棉绳 恒发辅料	即便条	反光银色		3.8	10	0.50	0.50	
10902	PE021K	辅料	华顺橡筋	丈巾2寸宽	黑色		1	15	0.70	0.70	
10902	PE021K	辅料	利泰辅料	猪鼻扣	银色		2	3	0.80	0.80	
10902	PE021K	辅料	华顺橡筋	圆丈巾1/8宽	黑色		1.12	10	0.30	0.30	
10902	PE021K	辅料	利泰辅料	鸡眼+胶垫	枪色0.5CM		4	3	0.07	0.07	
10901	PE021S	主面料	伟盛纺织	伟盛纺织	20#黑色	140	1.77	15	16.00	16.00	
10901	PE021S	里布	针织 潮新布行	潮新布行	黑色	160	0.9	10	10.00	10.00	
10901	PE021S	辅料	前卫衬朴	针织朴	黑色		0.3	10	1.80	1.80	
10901	PE021S	辅料	东莞市虎门永恒拉链厂	5号胶牙拉链	黑色（开尾）		1	3	2.80	2.80	
10901	PE021S	辅料	利泰辅料	鸡眼+胶垫	枪色0.5CM		4	5	0.07	0.07	
10901	PE021S	辅料	棉绳 恒发辅料	即便条	反光银色		6	10	0.50	0.50	
10901	PE021S	辅料	利泰辅料	猪鼻扣	银色		2	3	0.80	0.80	
10901	PE021S	辅料	华顺橡筋	丈巾2寸宽	黑色		0.7	15	0.70	0.70	
10901	PE021S	辅料	华顺橡筋	圆丈巾1/8宽	黑色		1.38	10	0.30	0.30	
13247	PE063-1	主面料	巨丰纺织	巨丰纺织	2#牙白	185	0.9	15	22.00	22.00	
13247	PE063-1	面料	祥盛罗纹	祥盛罗纹 1*1 32支罗纹，	配主布颜色	165	0.025	15	40.00	40.00	
13247	PE063-1	辅料	华顺橡筋	透明带1/4			0.7	10	0.15	0.15	
13811	PE063-2	主面料	巨丰纺织	巨丰纺织	2#牙白	185	0.9	15	22.00	22.00	
13811	PE063-2	面料	祥盛罗纹	祥盛罗纹 1*1 32支罗纹，	配主布颜色	165	0.025	15	40.00	40.00	
13811	PE063-2	辅料	华顺橡筋	透明带1/4			0.7	10	0.15	0.15	
13307	PE066大货-2	主面料		成品服装7	藏青色		1	1	36.00	36.00	
13836	PE070-2	主面料	华夏纺织	华夏针织	182#活性黑	175	0.96	15	22.00	22.00	
13836	PE070-2	面料	祥盛罗纹	祥盛罗纹 1*1 32支罗纹，	配主布颜色	160	0.03	15	40.00	40.00	
13836	PE070-2	辅料	棉绳 恒发辅料	人字带	配主布颜色		0.35	10	0.50	0.50	
13836	PE070-2	辅料	华顺橡筋	透明带1/4			0.7	10	0.15	0.15	
13835	PE072-2	主面料	盈晟针织	盈晟针织	110#黑色	180	1.45	15	46.00	46.00	
13835	PE072-2	面料	祥盛罗纹	罗纹2X2	黑色	120	0.25	15	40.00	40.00	
13835	PE072-2	辅料	棉绳 恒发辅料	帽绳	配主布色		1	3	2.00	2.00	
13835	PE072-2	辅料	华顺橡筋	透明带1/4			0.7	10	0.15	0.15	
13965	PE073	主面料		成品服装7	黑色		1	1	42.00	42.00	
13966	PE074	主面料		成品服装7	白色		1	1	42.00	42.00	
12192	PJ001D	主面料		蜡布-杂色	杂色		3	10	3.00	3.00	
12192	PJ001D	辅料		橡筋	黑色1/2		1	10	1.00	1.00	
11424	QF269	主面料		巨鑫布业	黑色	155	1.15	10	20.00	20.00	
11424	QF269	辅料		3号胶牙拉链	黑色（反穿拉链）		1	3	1.50	1.50	
11424	QF269	辅料	前卫衬朴	30D雪纺朴	黑色	120	0.3	10	2.50	2.50	
11425	QF270	主面料		锴泓纺织	黑色		1.06	10	15.00	15.00	
11426	QF271	主面料		伟盛纺织	黑色		0.7	10	11.50	11.50	
11426	QF271	里布		潮新布行	黑色		0.4	10	12.00	12.00	
11426	QF271	辅料		3号隐形拉链	黑色		3	3	1.50	1.50	
11426	QF271	辅料		腰带绳	黑色		1	3	2.00	2.00	
11426	QF271	辅料	华顺橡筋	丈根1 5/8宽	黑色		0.8	15	0.60	0.60	
11495	QF274	主面料		成衣采购	黑色		1	1	36.00	36.00	
11495	QF274	主面料		成衣采购	白色		1	1	36.00	36.00	
13362	QF330	主面料		21支2*2罗纹	黑色	175	0.68	15	30.50	30.50	
13362	QF330	面料		21支2*2罗纹	118#军绿色	175	0.68	15	30.50	30.50	
13364	QF331K	主面料	铧登布业	铧登布业	30#绿色	145	1.85	15	18.00	18.00	
13364	QF331K	辅料	华顺橡筋	1 7/8宽丈巾	白色		1	15	0.70	0.70	
13364	QF331K	辅料	东莞市虎门永恒拉链厂	裤子拉链	黄色		1	3	0.40	0.40	
13364	QF331K	辅料	华顺橡筋	圆丈巾1/8宽	配主布颜色		1.17	15	0.35	0.35	
13364	QF331K	辅料	利泰辅料	猪鼻扣	黑色		2	3	0.80	0.80	
13364	QF331K	辅料	棉绳 恒发辅料	腰带绳	白色（银色）		1	3	2.00	2.00	
13364	QF331K	辅料	棉绳 恒发辅料	即便条	黄色		4.6	10	0.50	0.50	
13363	QF331S	主面料	铧登布业	铧登布业	30#绿色	145	1.78	15	18.00	18.00	
13363	QF331S	里布	聚宏网布	聚宏网布	白色	136	1.43	10	10.00	10.00	
13363	QF331S	辅料	前卫衬朴	针织朴	白色	120	0.5	10	1.80	1.80	
13363	QF331S	辅料	东莞市虎门永恒拉链厂	5号金属开尾拉链	配主布颜色（银牙）		1	1	7.00	7.00	
13363	QF331S	辅料	棉绳 恒发辅料	即便条	黄色		5.6	10	0.50	0.50	
13363	QF331S	辅料	华顺橡筋	丈巾1 1/2宽	白色		0.6	15	0.50	0.50	
13363	QF331S	辅料	华顺橡筋	丈巾2寸宽	白色		1.15	15	0.70	0.70	
13653	QF332	主面料	鸿利纺织	鸿利纺织	黑色	172	0.73	15	22.00	22.00	
13653	QF332	里布	华成里布行	9088 棉里布	黑色	145	0.27	10	7.00	7.00	
13653	QF332	辅料	东莞市虎门永恒拉链厂	3号金属闭尾拉链	黑边黑牙		1	3	2.00	2.00	
13653	QF332	辅料	利泰辅料	摇头扣	1.6CM客人订做的		1	3	0.35	0.35	
13756	QF333	主面料		成品服装7	黑色		1	1	45.00	45.00	
13997	QF334	主面料		成品服装7	绿色		1	1	66.50	66.50	
13997	QF334	面料		成品服装8	花灰		1	1	66.50	66.50	
13997	QF334	面料		成品服装4	深灰		1	1	66.50	66.50	
13997	QF334	面料		成品服装2	灰蓝		1	1	66.50	66.50	
13997	QF334	面料		成品服装3	藏蓝色		1	1	66.50	66.50	
13998	QF335	主面料		成品服装7	绿色		1	1	66.50	66.50	
13727	RB012	主面料	巨鑫纺织	巨鑫布业	白色	170	0.76	15	20.00	20.00	
13727	RB012	面料	巨鑫纺织	巨鑫布业	白色	170	0.08	15	20.00	20.00	
13727	RB012	面料	祥盛罗纹	祥盛罗纹 1*1 32支罗纹，	白色	175	0.03	15	40.00	40.00	
13727	RB012	辅料	棉绳 恒发辅料	人字带	配主布颜色		0.35	10	0.50	0.50	
13735	RB013	主面料	盈晟针织	盈晟针织	66#粉色	180	1.45	15	27.50	27.50	
13735	RB013	面料	盈晟针织	盈晟针织	19#灰色	180	1.45	15	27.50	27.50	
13735	RB013	辅料	华顺橡筋	丈根3/8宽	白色		2.5	15	0.35	0.35	
13759	RB015	主面料		成品服装7	白色		1	3	20.00	20.00	
11281	RU080-K	主面料		巨鑫布业	红色		1.02	10	20.00	20.00	
11281	RU080-K	辅料		腰带绳	黄色扁绳		1	1	2.00	2.00	
11281	RU080-K	辅料		橡筋	白色1寸7分		1	10	0.60	0.60	
11280	RU080-S	主面料		巨鑫布业	红色		0.74	10	20.00	20.00	
11327	RU082	主面料		德胜针织	黑色		0.95	15	15.50	15.50	
11327	RU082	面料		德盛针织	黄色		0.05	10	15.50	15.50	
11327	RU082	面料		祥盛螺纹	配主布色		0.02	10	40.00	40.00	
11328	RU083	主面料		巨鑫布业	黑色		0.8	15	11.50	11.50	
11328	RU083	面料		巨丰布业	黑色		0.03	10	10.60	10.60	
11328	RU083	面料		祥盛螺纹	配色编辑螺纹		1	3	5.00	5.00	
11329	RU084	主面料		德盛针织	黑色		1.35	15	30.00	30.00	
11329	RU084	面料		祥盛螺纹	黑色		0.25	10	40.00	40.00	
11329	RU084	辅料		5号胶牙拉链	黑色		1	3	3.00	3.00	
13514	RU166	主面料		演义布业	黑色		0.87	10	25.00	25.00	
13514	RU166	面料		祥盛螺纹	黑色		0.03	10	40.00	40.00	
13515	RU167	主面料		演义布业	灰色		0.87	10	25.00	25.00	
13515	RU167	面料		祥盛螺纹	黑色		0.02	10	40.00	40.00	
13517	RU168	主面料		华夏针织	白色		1.28	10	26.50	26.50	
13517	RU168	面料		祥盛螺纹	白色		0.08	10	40.00	40.00	
13518	RU169	主面料		蜡染棉大卫衣	灰色		1.38	10	38.00	38.00	
13518	RU169	面料		祥盛螺纹	配主布色		0.25	10	40.00	40.00	
13518	RU169	辅料		5号金属开尾拉链	配主布色		1	3	5.00	5.00	
13545	RU173	主面料		盈晟针织	绿色		0.98	10	48.00	48.00	
13545	RU173	主面料		盈盛针织	米白		0.27	10	48.00	48.00	
13545	RU173	面料		祥盛螺纹	绿色		0.16	10	40.00	40.00	
13545	RU173	面料		志新螺纹	米白		0.18	10	40.00	40.00	
13545	RU173	辅料		5号尼龙闭尾拉链	金牙		1	3	3.00	3.00	
13634	RU174	主面料		蜡染棉大卫衣	黑色		1.38	10	36.00	36.00	
13634	RU174	面料		蜡染棉大卫衣	蓝色		0.96	10	36.00	36.00	
13634	RU174	辅料		5号尼龙开尾拉链	黑色		1	3	5.00	5.00	
13634	RU174	面料		祥盛螺纹	黑色		0.25	10	40.00	40.00	
13686	RU175-2	主面料		成衣采购	棕色		1	1	30.00	30.00	
13686	RU175-2	主面料		成衣采购	粉色		1	1	30.00	30.00	
13686	RU175-2	主面料		成品服装7	灰色		1	1	30.00	30.00	
13686	RU175-2	主面料		成品服装7	藏青色		1	1	30.00	30.00	
13687	RU176-2	主面料		成品服装7	黑色		1	1	30.00	30.00	
13687	RU176-2	主面料		成品服装8	咖色		1	1	30.00	30.00	
13687	RU176-2	主面料		成品服装4	深灰		1	1	30.00	30.00	
13687	RU176-2	主面料		成衣采购	白色		1	1	30.00	30.00	
13690	RU179	主面料		成衣采购	棕色		1	1	83.00	83.00	
13691	RU180	主面料		成衣采购	杏色		1	1	83.00	83.00	
13903	RU185	主面料		德盛针织	灰色		1.35	10	21.50	21.50	
13903	RU185	面料		祥盛螺纹	配主布色		0.25	10	40.00	40.00	
13904	RU186	主面料		嘉亿布行	灰色		1.27	10	0.00	0.00	
13904	RU186	面料		祥盛螺纹	配主布色		0.31	10	40.00	40.00	
13905	RU187	主面料		德盛针织	白色		0.8	10	18.00	18.00	
13905	RU187	面料		祥盛螺纹	配主布色		0.03	10	40.00	40.00	
13906	RU188	主面料		演义布业	灰色		0.86	10	22.00	22.00	
13906	RU188	面料		祥盛螺纹	配主布色		0.03	10	40.00	40.00	
10593	TA027	主面料		成衣采购	粉色		1	1	48.00	48.00	
10593	TA027	主面料		成衣采购	蓝色		1	1	48.00	48.00	
10593	TA027	主面料		成衣采购	燕麦灰		1	1	48.00	48.00	
12228	TA134	主面料		潮新布行	黄色		0.5	10	39.00	14.00	
12228	TA134	里布		牛奶丝	白色		0.4	10	8.50	8.50	
12228	TA134	辅料		5号金属闭尾拉链	配主布色		1	3	2.50	6.00	
12309	TA135	主面料		巨鑫布业	棕色		0.96	10	23.00	23.00	
12309	TA135	面料		方中网布	棕色		1.30	10	10.00	10.00	
12517	TA139	主面料		成衣采购	粉色		1	1	43.00	43.00	
12517	TA139	主面料		成衣采购	米白		1	1	43.00	43.00	
12517	TA139	主面料		成品服装7	浅蓝		1	1	43.00	43.00	
12517	TA139	主面料		成品服装4	灰绿		1	1	43.00	43.00	
12517	TA139	主面料		成品服装2	米黄色		1	1	43.00	43.00	
12750	TA145	主面料		迅发蕾丝	棕色		1.90	10	21.00	21.00	
12750	TA145	面料		里布	针织里配主布色		0.90	10	3.80	3.80	
12750	TA145	辅料		调节扣	配主布色		2	3	0.50	0.50	
12750	TA145	辅料		3号隐形拉链	配主布色		1	3	1.50	1.50	
12930	TA152	主面料		睿田纺织	橙色花	145	0.23	10	12.50	12.50	
12930	TA152	面料		网布	白色		0.07	10	7.00	7.00	
12930	TA152	辅料		腰绳	配主布色扁绳		1	3	2.00	2.00	
12930	TA152	辅料		丈根1/4	白色		1	15	0.35	0.35	
12930	TA152	辅料	华顺橡筋	丈巾1 1/2宽	白色		0.6	15	0.50	0.50	
12931	TA153	主面料	针织 潮新布行	潮新布行	砖红色	142	0.55	10	39.00	0.00	
12931	TA153	辅料		5号胶牙拉链	配主布色		1	3	2.50	2.50	
13083	TA159	主面料	睿航麻棉	睿航麻棉	棕色	143	1.38	10	19.00	19.00	
13083	TA159	辅料		3号隐形拉链	配主布色塑料齿拉链		1	3	1.50	1.50	
13083	TA159	里布		里布	配主布色	143	1.08	10	4.50	4.50	
13084	TA160	主面料	濠泰纺织	濠泰纺织	棕色	140	1.66	10	17.00	17.00	
13084	TA160	辅料	华顺橡筋	1/8丈巾	黑色		1	15	0.35	0.35	
13084	TA160	里布	华成里布行	9088 棉里布	配主布颜色	145	0.45	10	7.00	7.00	
13244	TA161	主面料		顺发布业	6#棕色	155	1.2	15	71.50	71.50	
13244	TA161	里布	色丁梭织 华亚纺织	色丁	配主布颜色	140	0.96	10	7.50	7.50	
13244	TA161	辅料	利泰辅料	钩扣	9号银色		2	3	0.60	0.60	
13286	TA162	主面料		成衣采购	藏青色		1	1	36.00	36.00	
13366	TA165	主面料	盈晟针织	盈晟针织	活性黑色	175	0.96	15	17.00	17.00	
13366	TA165	面料	祥盛罗纹	祥盛罗纹 1*1 32支罗纹，	配主布颜色	165	0.03	15	40.00	40.00	
13366	TA165	辅料	棉绳 恒发辅料	人字带	配主布颜色		0.35	10	0.50	0.50	
13366	TA165	辅料	华顺橡筋	透明带1/4			0.7	10	0.15	0.15	
13602	TA168Q	主面料	巨丰纺织	巨丰纺织	041#米白	175	1.09	15	16.00	16.00	
13602	TA168Q	面料	巨丰纺织	巨丰纺织	111#粉色	175	1.09	15	16.00	16.00	
13602	TA168Q	辅料	华顺橡筋	丈根1 3/4宽	白色		0.4	15	0.60	0.60	
13602	TA168Q	里布	华成里布行	针织里布	配主布颜色	160	0.91	10	5.00	5.00	
13601	TA168S	主面料	巨丰纺织	巨丰纺织	041#米白	170	0.91	15	16.00	16.00	
13601	TA168S	面料	巨丰纺织	巨丰纺织	041#米白	170	0.91	15	16.00	16.00	
13601	TA168S	面料	祥盛罗纹	祥盛罗纹 1*1 32支罗纹，	粉色/绿色	170	0.03	15	40.00	40.00	
13601	TA168S	辅料	华顺橡筋	透明带1/4			0.7	10	0.15	0.15	
13603	TA169	主面料	伟盛纺织	伟盛纺织	5#米白色	145	1.63	15	0.00	0.00	
13603	TA169	里布	华成里布行	四面弹里布	配主布色	145	1.14	10	5.50	5.50	
13603	TA169	辅料	前卫衬朴	30D雪纺朴	白色	120	0.25	10	2.20	2.20	
13868	TA175	主面料		金湖纺织	139蓝色	135	1.97	10	20.00	20.00	
13868	TA175	辅料	前卫衬朴	30D雪纺朴	黑色	120	0.15	10	2.20	2.20	
13868	TA175	辅料		章仔	客人提供		1	3	0.00	0.00	
13868	TA175	辅料		盘扣	配主布色		5	3	1.00	1.00	
13897	TA176	主面料		成品服装7	杏色		1	1	24.00	24.00	
13897	TA176	面料		成品服装8	黑色		1	1	24.00	24.00	
13897	TA176	面料		成品服装4	粉色		1	1	24.00	24.00	
13897	TA176	面料		成品服装2	藏青色		1	1	24.00	24.00	
13897	TA176	面料		成品服装3	白色		1	1	24.00	24.00	
13897	TA176	面料		成品服装1	红色		1	1	24.00	24.00	
13897	TA176	面料		成品服装	深棕		1	1	24.00	24.00	
13897	TA176	面料		成衣采购	浅蓝色		1	1	24.00	24.00	
8089	TQ239-2	辅料	东莞市虎门永恒拉链厂	裤子拉链	配主布颜色		1	3	0.32	0.32	
8089	TQ239-2	辅料	群兴五金扣行	摇头扣	古铜 色1.6CM		1	3	0.30	0.30	
8089	TQ239-2	主面料	鸿利纺织	鸿利纺织	101#湖蓝色（中间）	145	0.73	10	21.00	20.00	
8089	TQ239-2	面料	鸿利纺织	鸿利纺织	74#深蓝色（外侧）	145	0.78	10	21.00	20.00	
8089	TQ239-2	里布	华成里布行	9088 棉里布	白色	145	0.1	15	8.60	8.60	
13416	TW-10404	主面料		佳泰纺织	黑色		0.4	10	30.00	30.00	
13416	TW-10404	主面料		佳泰-1纺织	白色		0.4	10	30.00	30.00	
13561	TWS-10249	主面料		晟丰麻棉ML630	白色		1.43	10	28.00	28.00	
13561	TWS-10249	里布		四面弹里布	蓝色		0.37	10	4.50	4.50	
13561	TWS-10249	辅料		橡筋	白色1 1/2		1	10	0.60	0.60	
13561	TWS-10249	主面料		晟丰麻棉CS120苦麻洗水	藏青色		1.43	10	28.00	28.00	
13561	TWS-10249	里布		里布	白色		0.37	10	4.50	4.50	
13560	TWS-10310	主面料		新鹏宇针织	蓝色		0.38	10	20.00	20.00	
13560	TWS-10310	主面料		新鹏宇针织	黄色		0.38	10	20.00	20.00	
13560	TWS-10310	主面料		新鹏宇针织	白色		0.38	10	20.00	20.00	
13560	TWS-10310	主面料		新鹏宇针织-2	黑色		0.38	10	20.00	20.00	
13555	TWS-10315	主面料		龙丰布行LF1273C	藏青色		0.5	10	19.50	19.50	
13555	TWS-10315	主面料		鑫亿布行-1	黄色		0.5	10	18.50	18.50	
13555	TWS-10315	主面料		鑫亿布行	白色		0.5	10	18.50	18.50	
13158	TWS-10327	主面料		美森纺织	黑色36号		0.6	10	17.50	17.50	
13158	TWS-10327	主面料		美森纺织	棕色67号		0.51	10	17.50	17.50	
13158	TWS-10327	辅料		3号尼龙拉链开尾	配色YKK		1	3	1.00	1.00	
13158	TWS-10327	辅料		西裤扣	银色		1	3	0.25	0.25	
13158	TWS-10327	里布		韩国里布	配色		0.05	10	2.50	2.50	
13554	TWS-10369	主面料		40支全棉平纹扎染Z320#	黑色		0.54	10	23.50	23.50	
13556	TWS-10370	主面料		40支棉4*4坑条857#	白色		0.35	10	24.00	24.00	
13553	TWS-10371	主面料		金源布行	米黄色		0.62	10	35.00	35.00	
13553	TWS-10371	主面料		金源布行-1	浅蓝色		0.62	10	35.00	35.00	
13553	TWS-10371	主面料		金源布行-2	蓝色		0.62	10	35.00	35.00	
13558	TWS-10375	主面料		冠正纺织	37好黄色		1.02	10	17.50	17.50	
13557	TWS-10376	主面料		金源布行	黑色		0.33	10	35.00	35.00	
13557	TWS-10376	面料		金源布行-2	米黄色		0.03	10	35.00	35.00	
13559	TWS-10385	主面料		远东华新纺织	米黄色		0.13	10	20.00	20.00	
13559	TWS-10385	辅料		鱼骨1/4	白色		0.2	10	0.50	0.50	
13559	TWS-10385	辅料		排排扣	配主布色		1	3	2.50	2.50	
13559	TWS-10385	辅料		棉织带	配主布色		0.9	10	1.00	1.00	
13559	TWS-10385	辅料		调节扣	银色0.6		2	10	0.60	0.60	
13562	TWS-10390	主面料		金源布行	110好米黄		0.84	10	35.00	35.00	
13562	TWS-10390	主面料		金源布行-1	蓝色		0.84	10	35.00	35.00	
13562	TWS-10390	辅料		橡筋	3/4白色		1	10	0.60	0.60	
13132	TWS-10407	主面料		恒宇-1纺织	L8299 37号黑色		0.66	10	35.00	35.00	
13132	TWS-10407	主面料		恒宇时尚	L8299 20白色		0.66	10	35.00	35.00	
13132	TWS-10407	辅料		精采花边	面花边配色		0.65	10	1.50	1.50	
13132	TWS-10407	辅料		精采花边	底层配主布色		0.9	10	2.00	2.00	
13132	TWS-10407	辅料		橡筋	黑色/白色		0.6	10	0.60	0.60	
13132	TWS-10407	辅料		扣子	透明扣子0.9cm		8	3	0.15	0.15	
13132	TWS-10407	辅料		橡筋耳仔	黑色/白色		8	10	0.15	0.15	
13501	TWS-10409	主面料		巨丰纺织	黑色		0.67	10	19.70	19.70	
13295	TWS-10414	主面料		恒宇时尚	L8299 37号黑色		0.59	10	35.00	35.00	
13500	TWS-10417	主面料		恒宇时尚	HQ5223，15号灰色		0.35	10	35.00	35.00	
13500	TWS-10417	主面料		恒宇-1纺织	HQ5223，17号黑色		0.35	10	35.00	35.00	
13973	TWS-10474	主面料		金源布行	米黄色		0.62	10	35.00	35.00	
13973	TWS-10474	主面料		金源布行-1	浅蓝色		0.62	10	35.00	35.00	
13973	TWS-10474	主面料		金源布行-2	蓝色		0.62	10	35.00	35.00	
13621	XH-DX8803	主面料	巨丰纺织	巨丰布行	黑色	178	0.9	5	24.00	24.00	
13621	XH-DX8803	面料	祥盛罗纹	祥盛罗纹 1*1 32支罗纹，	配主布颜色	170	0.03	10	33.00	33.00	
13621	XH-DX8803	面料	巨丰纺织	巨丰纺织	白色	180	0.9	5	24.00	24.00	
13621	XH-DX8803	面料	巨丰纺织	巨丰纺织	棕色	180	0.9	5	24.00	24.00	
13621	XH-DX8803	辅料	前卫衬朴	30D雪纺朴	白色/黑色		0.1	10	2.20	2.20	
13619	XH-S1708A	主面料	巨丰纺织	巨丰布行	003#牙白色	178	0.9	5	28.50	28.50	
13619	XH-S1708A	面料	祥盛罗纹	祥盛罗纹 1*1 32支罗纹，	配主布颜色	170	0.025	10	33.00	33.00	
13619	XH-S1708A	辅料	前卫衬朴	30D雪纺朴	白色	120	0.1	10	2.20	2.20	
13620	XH-S1708B	主面料	巨丰纺织	巨丰布行	003#牙白色	178	0.9	5	28.50	28.50	
13620	XH-S1708B	面料	祥盛罗纹	祥盛罗纹 1*1 32支罗纹，	配主布颜色	170	0.025	10	33.00	33.00	
13620	XH-S1708B	辅料	前卫衬朴	30D雪纺朴	白色	120	0.1	10	2.20	2.20	
13628	XH-S3020	面料	巨丰纺织	巨丰布行	046#黑色	178	0.605	10	36.50	36.50	
13628	XH-S3020	主面料	巨丰纺织	巨丰纺织	060#绿色	178	0.61	10	36.50	36.50	
13628	XH-S3020	面料	巨丰纺织	巨丰布业	047#碳灰色	178	0.61	10	36.50	36.50	
13628	XH-S3020	面料	巨丰纺织	巨丰布业	055#灰杏色	178	0.7	1	36.50	36.50	
13628	XH-S3020	辅料	华顺橡筋	丈根1 3/4宽	黑色/白色		0.9	10	0.50	0.50	
13628	XH-S3020	辅料	棉绳 恒发辅料	腰绳	配主布颜色		1	3	2.00	2.00	
13628	XH-S3020	面料	巨丰纺织	巨丰布业	122#（黑色）袋布	178	0.093	1	28.50	28.50	
13628	XH-S3020	面料	巨丰纺织	巨丰纺织	035#墨绿（袋布）	178	0.093	1	28.50	28.50	
13628	XH-S3020	面料	巨丰纺织	巨丰纺织	052#碳灰色（袋布）	178	0.093	1	28.50	28.50	
13628	XH-S3020	面料	巨丰纺织	巨丰纺织	006#灰杏色	178	0.093	5	28.50	28.50	
13628	XH-S3020	面料	祥盛罗纹	罗纹2X2	配主布颜色	123	0.024	1	33.00	33.00	
13628	XH-S3020	主面料	巨丰纺织	巨丰纺织	JF005花灰色	180	0.61	10	36.50	36.50	
13628	XH-S3020	面料	巨丰纺织	巨丰纺织	004#花灰	180	0.12	15	28.50	28.50	
2883	XH1426	里布		斜纹布	黑色	145	1.8	15	4.00	4.00	
2883	XH1426	辅料		5号金属闭尾拉链	黑边金牙		1	5	4.50	4.50	
2883	XH1426	辅料		丈根3/8宽	黑色		1	15	0.30	0.30	
2883	XH1426	主面料	华胜蜡布	蜡布印花	黄色	110	3.07	15	13.00	13.00	
3206	XH1471	主面料		蜡布	橙色	112	3.94	15	13.00	13.00	
3206	XH1471	面料		蜡布印花	黑色	112	8	15	13.00	13.00	
3206	XH1471	辅料		扣子	1.5CM		15	3	0.15	0.15	
3206	XH1471	辅料	前卫衬朴	针织朴	黑色	120	0.3	10	1.80	1.80	
4212	XH1627	面料	聚宏网布	聚宏网布	黑色	155	1.76	10	3.50	3.50	
4212	XH1627	辅料	前卫衬朴	30D雪纺朴	黑色	120	0.1	10	2.20	2.20	
4212	XH1627	辅料	添彩纽扣	扣子	黑色1.5CM胶钮		7	3	0.10	0.10	
4212	XH1627	主面料	美瑞菲	蜡布	紫色	112	2.77	10	13.00	13.00	
4212	XH1627	面料	聚能蜡布	蜡布印花	黄色	112	2.77	10	13.00	13.00	
13506	XH1670D	主面料	美瑞菲	蜡布	绿色	112	3.2	10	13.00	13.00	
13506	XH1670D	里布	华成里布行	9088 棉里布	黑色	145	0.43	10	7.00	7.00	
13506	XH1670D	辅料	东莞市虎门永恒拉链厂	5号金属闭尾拉链	黑边金牙		1	3	4.10	4.10	
13506	XH1670D	辅料	前卫衬朴	针织朴	黑色	120	0.4	10	1.80	1.80	
13506	XH1670D	辅料	添彩纽扣	扣子2CM	黑色		4	3	0.15	0.15	
13506	XH1670D	辅料	东莞市虎门永恒拉链厂	3号隐形拉链	黑色		1	3	2.30	2.30	
13506	XH1670D	面料	华胜蜡布	蜡布印花	浅蓝色	112	3.2	10	13.00	13.00	
4520	XH1720	主面料	新登封蜡布	蜡布	黑色	112	5.35	10	13.00	13.00	
4520	XH1720	里布	华成里布行	9088 棉里布	黑色	145	2.3	10	7.00	7.00	
4520	XH1720	辅料	前卫衬朴	针织朴	黑色	120	0.5	10	1.80	1.80	
4520	XH1720	辅料	金点包扣	主布包日字扣	2 1/2宽		1	3	1.00	1.00	
4520	XH1720	辅料	利泰辅料	鸡眼+胶垫	银色		8	5	0.06	0.06	
4520	XH1720	辅料	创亿辅料（橡筋）	丈根3/8宽	黑色		0.8	15	0.30	0.30	
4520	XH1720	辅料	添彩纽扣	扣子	黑色1.5CM胶钮		12	3	0.10	0.10	
4520	XH1720	辅料	华顺橡筋	丈根1/4	黑色		0.55	15	0.30	0.30	
5171	XH1897	主面料		弹力斜纹	23#大红色	144	1.57	10	20.00	20.00	
5171	XH1897	主面料		畅销T/R弹力	1#白色（撞布）	150	0.12	15	20.00	20.00	
5171	XH1897	主面料	华成里布行	色丁里布	白色	140	1.1	10	13.00	13.00	
5171	XH1897	面料	美森纺织	美森纺织	1#白色（撞布）	150	0.12	15	20.00	20.00	
5171	XH1897	面料	美森纺织	美森纺织	23#蓝色	150	1.57	10	20.00	20.00	
5171	XH1897	里布	华成里布行	印花色丁布	白色	144	1.1	10	13.00	13.00	
5171	XH1897	里布	华成里布行	色丁	白色	144	1.1	10	13.00	13.00	
5171	XH1897	辅料	前卫衬朴	西装朴	白色/黑色	120	1	10	2.20	2.20	
5171	XH1897	辅料	群兴五金扣行	扣子	白色珍珠扣1.5CM（金色）		8	3	1.00	1.00	
5171	XH1897	辅料	肩棉 胸棉 大丰辅料	肩棉	白色/黑色		1	3	1.50	1.50	
5171	XH1897	主面料	美森纺织	美森纺织	23#蓝色	150	1.57	10	20.00	20.00	
5171	XH1897	面料	美森纺织	美森纺织	56#黄色（撞布）	150	0.12	15	20.00	20.00	
5171	XH1897	面料	鑫达布行	鑫达布行	40#绿色	150	1.57	10	20.00	20.00	
5171	XH1897	面料	鑫达布行	鑫达布行	26#粉色（撞布）	150	0.12	15	20.00	20.00	
5171	XH1897	里布	华成里布行	色丁	白色	140	1.1	10	13.00	13.00	
5171	XH1897	辅料	添彩纽扣	扣子2.5CM	白色珍珠扣2.5CM（金色）		2	3	1.00	1.00	
219	XH20210105037	主面料	春荣蜡布	蜡布	黑色	112	4.2	10	13.00	13.00	
219	XH20210105037	辅料	利达纽扣	扣子	1.5CM黑色		13	3	0.15	0.15	前门襟
219	XH20210105037	辅料	创发包纽扣	主布包日字扣	2 1/2宽		1	3	1.00	1.00	
219	XH20210105037	辅料	银鹰辅料	鸡眼+胶垫	银色		11	5	0.06	0.06	腰带
219	XH20210105037	辅料	嘉丰松紧带	丈根3/8宽	黑色		1.05	5	0.19	0.19	
219	XH20210105037	面料	华胜蜡布	蜡布印花	紫色	110	4.2	10	13.00	13.00	
219	XH20210105037	面料	华胜蜡布	蜡布印花	天蓝色	110	4.2	10	13.00	13.00	
9661	XH2803D	主面料	诚昌纺织	诚昌纺织	44#浅蓝色	145	0.83	15	10.00	11.00	
9661	XH2803D	里布	源益纺织	益源网布	白色	145	0.36	15	8.50	8.50	
9661	XH2803D	辅料	前卫衬朴	30D雪纺朴	白色	120	0.2	10	2.20	2.20	
9661	XH2803D	辅料	东莞市虎门永恒拉链厂	裤子拉链	配主布颜色		1	3	0.41	0.40	
9661	XH2803D	辅料	利泰辅料	168日字扣	银色1/2寸		2	3	1.00	1.00	
9661	XH2803D	辅料	利泰辅料	四合扣1.5CM	银色		1	3	0.35	0.35	
9102	XH2818	里布	华成里布行	里布	斜纹里黑色	145	1.89	10	4.00	4.00	
9102	XH2818	辅料	东莞市虎门永恒拉链厂	5号金属开尾拉链	黑色边金牙		1	3	7.00	7.00	
9102	XH2818	主面料	华胜蜡布	蜡布	黄色	112	4.2	15	13.00	13.00	
9710	XH2911	主面料	德盈网布	德盛针织	白色	160	0.56	10	7.50	7.50	
9710	XH2911	面料	聚能蜡布	蜡布	橙色	112	4.35	10	13.00	13.00	
9710	XH2911	辅料	华成里布行	针织里布	配主布颜色	145	0.5	10	5.50	5.50	
9710	XH2911	辅料	东莞市虎门永恒拉链厂	5号隐形拉链	黑色/橙色		1	3	2.80	2.80	
9710	XH2911	辅料	华顺橡筋	透明带1/4			2	10	0.15	0.15	
9710	XH2911	面料	华胜蜡布	蜡布印花	棕色	110	4.35	10	13.00	13.00	
9710	XH2911	面料	德盈网布	德盈网纱	白色	160	0.56	10	7.50	7.50	
10045	XH2932	主面料		巨丰布行	122#黑色	178	0.9	5	28.50	28.50	
10045	XH2932	面料	祥盛罗纹	祥盛罗纹 1*1 32支罗纹，	配主布颜色	170	0.025	10	33.00	33.00	
10045	XH2932	辅料	前卫衬朴	30D雪纺朴	黑色	120	0.1	10	2.20	2.20	
10044	XH2933	主面料	巨丰纺织	巨丰布行	003#牙白	178	0.9	5	28.50	28.50	
10044	XH2933	面料	巨丰纺织	祥盛罗纹 1*1 32支罗纹，	配主布颜色	170	0.025	10	33.00	33.00	
10044	XH2933	辅料	前卫衬朴	30D雪纺朴	白色	120	0.1	10	2.20	2.20	
11750	XH2979S	主面料	德盛针织	德盛针织	白色	180	0.6	10	18.50	18.50	
11750	XH2979S	面料	祥盛罗纹	1*1螺纹	绿色	170	0.062	15	40.00	40.00	
11750	XH2979S	辅料	棉绳 恒发辅料	即便条	粉色		1.5	10	0.50	0.50	
11750	XH2979S	面料	德盛针织	德盛针织	白色	180	0.6	10	18.50	18.50	
11750	XH2979S	面料	祥盛罗纹	祥盛罗纹 1*1 32支罗纹，	蓝色		0.062	15	40.00	40.00	
11750	XH2979S	辅料	棉绳 恒发辅料	即便条	黄色		1.5	10	0.50	0.50	
11750	XH2979S	面料	德盛针织	德盛针织	黑色	180	0.6	10	18.50	18.50	
11750	XH2979S	面料	祥盛罗纹	祥盛螺纹	1*1绿色	160	0.062	15	40.00	40.00	
11750	XH2979S	辅料	棉绳 恒发辅料	即便	粉色		1.5	10	0.50	0.50	
13644	XH2979T	主面料	德盛针织	德盛针织	121#粉色	180	0.6	10	18.50	18.50	
13644	XH2979T	面料	祥盛罗纹	1*1螺纹	绿色	170	0.062	15	40.00	40.00	
13644	XH2979T	辅料	棉绳 恒发辅料	即便条	白色		1.5	10	0.50	0.50	
13644	XH2979T	面料	德盛针织	德盛针织	白色	180	0.6	10	18.50	18.50	
13644	XH2979T	面料	祥盛罗纹	祥盛罗纹 1*1 32支罗纹，	蓝色		0.062	15	40.00	40.00	
13644	XH2979T	辅料	棉绳 恒发辅料	即便条	黄色		1.5	10	0.50	0.50	
13644	XH2979T	面料	德盛针织	德盛针织	黑色	180	0.6	10	18.50	18.50	
13644	XH2979T	面料	祥盛罗纹	祥盛螺纹	1*1绿色	160	0.062	15	40.00	40.00	
13644	XH2979T	辅料	棉绳 恒发辅料	即便	粉色		1.5	10	0.50	0.50	
11606	XH3025J	主面料	华胜蜡布	蜡布印花	绿色	110	3.45	15	13.00	13.00	
11606	XH3025J	辅料	棉绳 恒发辅料	即便条	配主布颜色		7.5	10	0.50	0.50	
11607	XH3025K	主面料	华胜蜡布	蜡布	黄色	110	2.28	15	13.00	13.00	
11607	XH3025K	辅料	东莞市虎门永恒拉链厂	裤子拉链	黑色		1	3	0.40	0.40	
11607	XH3025K	辅料	华顺橡筋	1 7/8宽丈巾	黑色		0.45	15	0.70	0.70	
11607	XH3025K	辅料	添彩纽扣	扣子2CM	黑色		1	3	0.15	0.15	
11607	XH3025K	辅料	前卫衬朴	针织朴	黑色	120	0.2	10	1.80	1.80	
11607	XH3025K	主面料	华胜蜡布	蜡布印花	绿色	110	2.28	15	13.00	13.00	
11667	XH3038	主面料	美瑞菲	蜡布	蓝色	110	3.6	10	13.00	13.00	
11667	XH3038	辅料	前卫衬朴	针织朴	黑色	120	0.25	10	1.80	1.80	
11667	XH3038	辅料	金点包扣	主布包扣	1.5CM		10	3	0.12	0.12	
11667	XH3038	辅料	华顺橡筋	丈根3/8宽	黑色		0.7	15	0.30	0.30	
11667	XH3038	面料	华胜蜡布	蜡布印花	棕色	110	3.6	10	13.00	13.00	
12656	XH3046A	主面料	成丰达人造皮	成丰达人造皮	280# 粉色	140	1.23	8	24.60	24.60	
12656	XH3046A	里布	色丁梭织 华亚纺织	色丁	白色	145	1.2	10	8.50	8.50	
12656	XH3046A	面料		罗纹2X2	配主布颜色	120	0.29	15	40.00	40.00	
12656	XH3046A	辅料	利泰辅料	四合扣（直径1.5CM)	配主布颜色		7	3	0.35	0.35	
13839	XH3046C	主面料	成丰达人造皮	成丰达人造皮	黑色	140	1.23	8	23.00	23.00	
13839	XH3046C	里布	色丁梭织 华亚纺织	色丁	白色	145	0.95	10	13.00	13.00	
13839	XH3046C	面料		罗纹2X2	配主布颜色	120	0.29	15	40.00	40.00	
13839	XH3046C	辅料	利泰辅料	四合扣（直径1.5CM)	黑色		7	3	0.35	0.35	
13940	XH3046D	主面料	成丰达人造皮	成丰达人造皮	黑色	140	1.23	8	23.00	23.00	
13940	XH3046D	里布	色丁梭织 华亚纺织	色丁	白色	145	0.95	10	13.00	13.00	
13940	XH3046D	面料		罗纹2X2	配主布颜色	120	0.29	15	40.00	40.00	
13940	XH3046D	辅料	利泰辅料	四合扣（直径1.5CM)	黑色		7	3	0.35	0.35	
12509	XH3046J	主面料	成丰达人造皮	成丰达人造皮	黑色	140	1.23	8	23.00	23.00	
12509	XH3046J	里布	色丁梭织 华亚纺织	色丁	白色	145	0.95	10	13.00	13.00	
12509	XH3046J	面料		罗纹2X2	配主布颜色	120	0.29	15	40.00	40.00	
12509	XH3046J	辅料	利泰辅料	四合扣（直径1.5CM)	黑色		7	3	0.35	0.35	
12304	XH3092	主面料	华胜蜡布	蜡布	粉色	110	3.37	15	13.00	13.00	
12304	XH3092	里布	华成里布行	9088 棉里布	黑色	145	1.98	10	7.00	7.00	
12304	XH3092	辅料	东莞市虎门永恒拉链厂	5号隐形拉链	黑色		1	3	2.80	2.80	
12304	XH3092	辅料	华顺橡筋	丈根3/8宽	黑色		0.36	15	0.35	0.35	
13574	XH3108J	主面料		欢达纺织	1#白色	140	1.42	10	64.00	64.00	
13574	XH3108J	里布		杭州里布	配主布颜色	145	1.32	10	4.50	4.50	
13574	XH3108J	辅料	东莞市虎门永恒拉链厂	5号金属开尾拉链	配主布颜色（古铜牙）		1	3	8.00	8.00	
13574	XH3108J	辅料	利泰辅料	鸡眼	0.5CM古铜色		6	3	0.07	0.07	
13574	XH3108J	辅料	利泰辅料	鸡眼+胶垫	0.6CM古铜色		2	3	0.07	0.07	
13574	XH3108J	辅料	利泰辅料	猪鼻扣	古铜色		4	3	0.80	0.80	
13574	XH3108J	辅料	华顺橡筋	1/8丈巾	配主布颜色		2.2	15	0.35	0.35	
13574	XH3108J	辅料		皮章仔	棕色		1	3	0.00	0.00	
13574	XH3108J	辅料	棉绳 恒发辅料	帽绳	配主布色		1	3	1.50	1.50	
12645	XH3116	主面料		伟盛纺织	45#卡其	150	1.90	10	14.00	14.00	
12645	XH3116	辅料		裤子拉链	配主布颜色		1	3	0.40	0.40	
12645	XH3116	辅料		钩扣	银色		2	3	1.00	0.80	
12645	XH3116	衬布		针织朴	白色	120	0.35	10	1.80	1.80	
12645	XH3116	辅料	添彩纽扣	扣子	配主布颜色1.3CM		6	3	0.15	0.15	
12739	XH3119	主面料	巨丰纺织	巨丰纺织	23#黑色	180	0.96	15	23.50	28.00	
12739	XH3119	面料	祥盛罗纹	祥盛罗纹 1*1 32支罗纹，	配主布颜色	160	0.025	15	40.00	40.00	
12739	XH3119	辅料	华顺橡筋	透明带1/4			0.7	10	0.15	0.15	
13091	XH3122J	主面料		尚雅	10#咖啡	138	1.10	10	25.50	25.50	
13091	XH3122J	里布		四面弹里布	配主布色		0.95	10	4.50	4.50	
13091	XH3122J	衬布		针织朴	配主布色	145	0.15	10	1.80	1.80	
13091	XH3122J	辅料		丈巾2寸宽	白色		0.5	10	0.70	0.70	
13091	XH3122J	辅料		肩棉	白色		1	3	1.00	1.00	
13091	XH3122J	辅料	添彩纽扣	主布包扣	1.5CM		8	3	0.10	0.12	
13091	XH3122J	辅料	金点包扣	包扣	配主布色2.2CM		2	3	0.15	0.15	
12985	XH3128	主面料		盈晟针织	黑色	180	1.58	10	46.00	46.00	
12985	XH3128	辅料		腰绳	黑色扁绳		1	3	2.00	2.00	
12985	XH3128	辅料	华顺橡筋	丈巾2寸宽	黑色		1	15	0.70	0.70	
13198	XH3142	主面料		蜡布	蓝色		1.80	10	13.00	13.00	
13198	XH3142	里布		斜纹里	黑色		0.80	10	4.50	4.50	
13198	XH3142	辅料		扣子	配主布色1.5cm四孔胶钮		11	3	0.25	0.25	
13198	XH3142	衬布		针织朴	黑色		0.35	10	1.80	1.80	
13198	XH3142	面料	华胜蜡布	蜡布印花	黄色	110	1.8	15	13.00	13.00	
13233	XH3151K	主面料	鸿利纺织	鸿利纺织	黑色	168	1.58	15	20.00	20.00	
13233	XH3151K	辅料	华顺橡筋	丈巾1 1/2宽	黑色		0.75	15	0.60	0.60	
13233	XH3151K	辅料	华顺橡筋	3/4丈巾	黑色		0.7	15	0.40	0.40	
13840	XH3151T	主面料	东莞市虎门永恒拉链厂	鸿利纺织	黑色		1.15	15	20.00	20.00	
13840	XH3151T	辅料	华顺橡筋	丈根3/8宽	黑色		0.7	15	0.30	0.30	
13840	XH3151T	辅料	东莞市虎门永恒拉链厂	3号隐形拉链	配主布颜色		1	3	2.00	2.00	
13840	XH3151T	辅料	华顺橡筋	丈根1/4	黑色		0.9	15	0.30	0.30	
13242	XH3152	主面料		壹加壹纺织	1#大白色	160	0.55	15	20.00	20.00	
13352	XH3154	主面料		鸿利纺织	蓝色	140	1.22	10	25.50	25.50	整件
13352	XH3154	里布	濠泰纺织	濠泰纺织	配主布颜色	145	1.23	10	13.50	13.50	里布
13352	XH3154	面料	豪盛毛绒	鹏发毛绒 派克毛	7号棕色	160	0.43	15	115.00	115.00	前门襟
13352	XH3154	里布	华成里布行	宏星布行（1200克棉里布）	配主布颜色	140	1.23	10	8.00	8.00	
13352	XH3154	辅料	利泰辅料	钩扣	9#棕色		5	3	0.60	0.60	
13410	XH3155	主面料		京丝顿布行	21紫粉色		2.42	10	0.00	0.00	
13410	XH3155	里布	华成里布行	四面弹里布	配主布色	140	1.6	10	5.50	5.50	
13410	XH3155	辅料	前卫衬朴	针织朴	白色	120	0.8	10	1.80	1.80	
13410	XH3155	辅料	利泰辅料	磁铁	白色		6	3	1.00	1.00	
13410	XH3155	辅料	群兴五金扣行	扣子	复古银色2.2CM		2	3	0.80	0.80	
13410	XH3155	辅料	群兴五金扣行	日字扣	复古银色2寸宽		1	3	2.00	2.00	
13410	XH3155	辅料	群兴五金扣行	日字扣	复古银色 1寸1/4宽		2	3	1.00	1.00	
13410	XH3155	辅料	利泰辅料	鸡眼+胶垫	0.5CM复古银色		20	3	0.07	0.07	
13841	XH3160S	主面料		21支2*2罗纹	22#棕色	160	0.63	15	25.00	25.00	
13889	XH3160T	主面料		21支2*2罗纹	大白色	160	0.63	15	25.00	25.00	
13572	XH3161	主面料		绍兴阔鹏纺织	38#	143	1.83	15	24.00	24.00	
13572	XH3161	里布	华成里布行	300T春亚纺	配主布颜色	120	1.31	10	4.50	4.50	
13572	XH3161	辅料	肩棉 胸棉 大丰辅料	肩棉	黑色（大的）		1	3	1.50	1.50	
13572	XH3161	辅料	添彩纽扣	扣子	1.8CM黑色		3	3	0.15	0.15	
13572	XH3161	辅料	添彩纽扣	透明扣	1.8CM		3	3	0.10	0.10	
13572	XH3161	辅料	添彩纽扣	扣子	黑色1.5CM		8	3	0.20	0.12	
13575	XH3162	主面料	(广纶纺织）绍兴慕艺纺织有限公司	绍兴芸爱纺织	黑色	142	1.68	15	24.00	24.00	
13575	XH3162	面料		汇源纺织	黑色	145	1.46	15	110.00	110.00	
13575	XH3162	里布	华成里布行	斜纹布	黑色	145	1.46	10	5.50	5.50	
13575	XH3162	辅料	肩棉 胸棉 大丰辅料	肩棉	黑色		2	3	1.50	1.50	
13575	XH3162	辅料	添彩纽扣	扣子	1.6CM黑色带花		7	3	0.15	0.15	
13666	XH3163	主面料		豪胜纺织	红色	140	1.92	5	21.50	21.50	
13666	XH3163	辅料	添彩纽扣	扣子	1.5CM浅棕色		10	3	0.12	0.12	
13666	XH3163	辅料	前卫衬朴	30D雪纺朴	白色	120	0.3	10	2.20	2.20	
13828	XH3165	主面料	华夏纺织	华夏针织	黑色	153	1.9	10	28.00	28.00	
13828	XH3165	辅料	前卫衬朴	针织朴	黑色	120	0.15	10	1.80	1.80	
13828	XH3165	辅料	东莞市虎门永恒拉链厂	3号隐形拉链	配主布颜色		1	3	2.00	2.00	
13828	XH3165	辅料	群兴五金扣行	扣子	金色		1	3	2.00	2.00	
13874	XH3186	主面料	鑫达布行	鑫达布行	29#红色	145	1.62	10	0.00	0.00	
13874	XH3186	里布	华成里布行	间棉里	1600克红色	137	1.18	10	13.00	13.00	
13874	XH3186	辅料	东莞市虎门永恒拉链厂	5号金属开尾拉链	配主布颜色（银牙）		1	3	7.00	7.00	
13874	XH3186	面料	祥盛罗纹	罗纹2X2	配主布颜色	110	0.25	15	40.00	40.00	
13874	XH3186	辅料	前卫衬朴	针织朴	白色	120	0.35	10	1.80	1.80	
13893	XH3188K	主面料	晓成针织	晓成针织	26#酒红色	160	1.43	15	31.50	31.50	
13893	XH3188K	辅料	华顺橡筋	丈巾2寸宽	黑色		1	15	0.70	0.70	
13893	XH3188K	辅料	棉绳 恒发辅料	腰带绳	配主布颜色（银色头）		1	3	2.00	2.00	
13893	XH3188K	辅料	棉绳 恒发辅料	即便条	21#浅棕色		2.5	10	0.50	0.50	
13894	XH3189	主面料	荣威特蜡布	蜡布	酒红色	110	2.73	15	13.00	13.00	
13894	XH3189	里布	华成里布行	韩国里布	黑色	145	1.76	10	2.40	2.40	
13894	XH3189	衬布	前卫衬朴	针织朴	黑色	120	0.2	10	1.80	1.80	
13894	XH3189	辅料	添彩纽扣	扣子	1.5CM黑色		5	3	0.10	0.10	
13894	XH3189	辅料	华顺橡筋	丈根3/8宽	黑色		0.6	15	0.30	0.30	
13894	XH3189	辅料	利泰辅料	D字扣	银色双D扣		2	3	0.80	0.80	
13923	XH3192	主面料	生丰纺织	生丰纺织	40#咖啡色	145	0.57	10	16.00	16.00	
13923	XH3192	里布	华成里布行	四面弹里布	配主布色	145	0.48	10	5.50	5.50	
13923	XH3192	辅料	利泰辅料	调节扣	0.8CM银色（圆圈+八字扣）		2	3	0.35	0.35	
13923	XH3192	辅料	东莞市虎门永恒拉链厂	3号隐形拉链	配主布颜色		1	3	2.00	2.00	
13935	XH3200K	主面料	新鹏宇	新鹏宇针织	黑色	170	0.27	10	30.50	30.50	
13935	XH3200K	辅料		蕾丝	白色		3	10	2.50	2.50	
13934	XH3200S	主面料	新鹏宇	新鹏宇针织	黑色	170	0.2	10	30.50	30.50	
13934	XH3200S	辅料	利泰辅料	蕾丝	白色		2.5	10	2.50	2.50	
13936	XH3201	主面料	华夏纺织	华夏针织	105#粉色	175	0.85	10	17.00	17.00	
13936	XH3201	面料	祥盛罗纹	祥盛罗纹 1*1 32支罗纹，	配主布颜色		0.025	15	40.00	40.00	
13936	XH3201	辅料	前卫衬朴	透明带1/4			0.7	10	0.15	0.15	
13936	XH3201	辅料	东莞市虎门永恒拉链厂	3号隐形拉链	配主布颜色		2	3	2.00	2.00	
13937	XH3202	主面料	华夏纺织	华夏针织	117#蓝色	170	0.98	15	0.00	0.00	
13937	XH3202	面料	祥盛罗纹	祥盛罗纹 1*1 32支罗纹，	配主布颜色	170	0.16	15	40.00	40.00	
13937	XH3202	辅料	东莞市虎门永恒拉链厂	3号隐形拉链	配主布颜色		2	3	1.50	1.50	
13937	XH3202	辅料	棉绳 恒发辅料	人字带	配主布颜色		0.35	10	0.50	0.50	
13937	XH3202	辅料	华顺橡筋	透明带1/4			0.6	10	0.15	0.15	
13939	XH3204	主面料		兰精天丝棉	12#暗红色	140	2.4	10	18.60	18.60	
13939	XH3204	里布	华成里布行	9088 棉里布	配主布颜色	145	0.73	10	7.00	7.00	
13939	XH3204	辅料	前卫衬朴	30D雪纺朴	配主布颜色	120	0.25	10	2.20	2.20	
13939	XH3204	辅料	前卫衬朴	3号隐形拉链	配主布颜色		3	3	2.00	2.00	
13939	XH3204	辅料	华顺橡筋	丈根3/8宽	黑色		0.7	10	0.30	0.30	
13942	XH3206	主面料	美森纺织	美森纺织	33#黑色	150	1.53	8	15.00	15.00	
13942	XH3206	面料	美森纺织	美森纺织	白色	150	0.15	15	15.00	15.00	
13942	XH3206	里布	智轩里布行	色丁里布	白色	145	1.42	8	9.00	9.00	
13942	XH3206	辅料	添彩纽扣	扣子	2.5CM银色珍珠扣		1	3	1.00	1.00	
13942	XH3206	辅料	肩棉 胸棉 大丰辅料	肩棉	黑色		1	3	1.50	1.50	
13942	XH3206	面料	美森纺织	美森纺织	23#红色（撞布）	150	0.15	15	15.00	15.00	
13942	XH3206	面料	华成里布行	印花色丁布	白色	145	1.42	8	8.60	8.60	
13942	XH3206	面料	美森纺织	美森纺织	33#黑色	150	1.52	8	15.00	15.00	
13942	XH3206	面料	美森纺织	美森纺织	1#白色（撞布）	150	0.15	15	15.00	15.00	
13942	XH3206	里布	华成里布行	色丁	白色	145	1.42	10	8.60	8.60	
13942	XH3206	面料	美森纺织	美森纺织	23#蓝色（撞布）	150	0.15	15	15.00	15.00	
13942	XH3206	面料	美森纺织	美森纺织	56#黄色（撞布）	150	0.15	15	15.00	15.00	
13942	XH3206	里布	华成里布行	色丁	白色	145	1.42	8	8.60	8.60	
13942	XH3206	辅料	群兴五金扣行	扣子	1.5CM银色珍珠		8	3	0.80	0.80	
13994	XH3207S	主面料		成品服装7	蓝色		1	1	76.00	76.00	
13983	XH3207T	主面料		成品服装7	浅灰		1	1	27.00	27.00	
9149	XH406J	主面料	华胜蜡布	蜡布	粉色	112	3	15	13.00	13.00	
9149	XH406J	辅料	肩棉 胸棉 大丰辅料	肩棉	黑色		1	3	1.50	1.50	
9149	XH406J	辅料	添彩纽扣	扣子2CM	黑色		2	3	0.15	0.15	
9149	XH406J	辅料	前卫衬朴	针织朴	黑色	120	0.6	10	1.80	1.80	
9149	XH406J	辅料	金点包扣	主布包日字扣	2 1/2宽		1	3	1.00	1.00	
9149	XH406J	辅料	利泰辅料	鸡眼+胶垫	0.5cm银色		7	5	0.07	0.07	
9149	XH406J	里布	华成里布行	斜纹里	黑色	145	1.3	10	4.00	4.00	
9149	XH406J	主面料	聚能蜡布	蜡布印花	绿色	110	3	15	13.00	13.00	
9150	XH406K	主面料	华胜蜡布	蜡布	粉色	112	2.45	15	13.00	13.00	
9150	XH406K	辅料	东莞市虎门永恒拉链厂	裤子拉链	黑色		1	3	0.40	0.40	
9150	XH406K	辅料	添彩纽扣	扣子2CM	黑色		1	3	0.15	0.15	
9150	XH406K	辅料	前卫衬朴	针织朴	黑色	120	0.2	10	1.80	1.80	
9150	XH406K	辅料	华顺橡筋	丈巾1 1/2宽	黑色		0.5	15	0.60	0.60	
9150	XH406K	主面料	聚能蜡布	蜡布印花	绿色	110	2.45	15	13.00	13.00	
249	XL2101081	主面料	华胜蜡布	蜡布	蓝色	112	4.8	10	13.00	13.00	主布
249	XL2101081	辅料	东莞市虎门永恒拉链厂	3号隐形拉链	黑色		1	8	2.50	2.50	后中
249	XL2101081	辅料	添彩纽扣	扣子	黑色2.2CM		1	15	0.60	0.60	裙前中
249	XL2101081	里布	华成里布行	9088 棉里布	黑色	140	0.03	15	7.00	7.00	捆条
249	XL2101081	辅料	华顺橡筋	丈根1 3/4宽	黑色		0.5	15	0.60	0.60	外裙
249	XL2101081	辅料	华顺橡筋	丈根3/8宽	黑色		0.5	15	0.30	0.30	后腰节
249	XL2101081	面料	华胜蜡布	蜡布印花	橙色	112	4.8	10	13.00	13.00	
249	XL2101081	面料	华胜蜡布	蜡布印花	绿色	112	4.8	10	13.00	13.00	
1441	XQ016	主面料		蜡布印花	绿圆	112	1.75	10	3.00	3.00	
1441	XQ016	辅料		5号胶牙拉链	黑色		1	3	2.00	2.00	
1441	XQ016	主面料		蜡布	白园		1.75	10	4.50	4.50	
1441	XQ016	辅料		橡筋	黑色		2	10	0.15	0.15	
1441	XQ016	主面料		蜡布-黄底红圆	黄底红圆		1.75	8	4.50	4.50	
1441	XQ016	主面料		蜡布-杂色	黄底蓝条		1.75	10	4.50	4.50	
1441	XQ016	主面料		蜡布	深绿色		1.75	10	4.50	4.50	
1819	XQ028	辅料		橡筋	黑色1 3/4		0.92	10	0.80	0.80	
1819	XQ028	主面料		蜡布-杂色	深蓝黑底印花		3.8	10	3.00	3.00	
1819	XQ028	主面料		蜡布-绿色圆（涤）	绿色		3.8	10	3.00	3.00	
1819	XQ028	主面料		蜡布-白底迷彩圆（涤）	白底迷彩圆（涤）		3.8	10	3.00	3.00	
1819	XQ028	主面料		橙绿肯特	橙绿肯特		3.8	10	3.00	3.00	
1819	XQ028	主面料		蜡布	菱形		3.8	10	3.00	3.00	
10126	XQ045	面料	聚能蜡布	蜡布-新紫色肯特	新紫色肯特	112	0.8	10	3.00	4.00	
10126	XQ045	辅料	嘉丰松紧带	橡筋	黑色1寸宽		0.6	10	0.80	0.60	
10126	XQ045	主面料		橙绿肯特	橙绿肯特		0.8	10	4.00	4.00	
10126	XQ045	主面料		蜡布	红底白花		0.8	10	4.00	4.00	
1821	XQ067	主面料		橙绿肯特	橙绿肯特	112	1.54	10	4.50	4.50	
1821	XQ067	主面料		蜡布-新紫色肯特	新紫色肯特	112	1.54	10	4.50	4.50	
1821	XQ067	面料		绒感双绉	黑色	145	0.41	10	5.00	5.00	
1821	XQ067	辅料		橡筋	黑色1 3/4		0.45	10	0.80	0.80	
1821	XQ067	辅料		3号隐形拉链	黑色14寸		1	3	1.20	1.20	
1821	XQ067	主面料		蜡布	红色乱条印花		1.54	15	4.50	4.50	
1821	XQ067	主面料		蜡布-杂色	黄底印花	120	1.54	15	4.50	4.50	
1011	XQ068	主面料		涤蜡布-桔色肯特		112	3.13	15	3.00	4.50	
1011	XQ068	主面料		涤蜡布-紫黄肯特		112	3.13	15	3.00	4.50	
1011	XQ068	辅料	华成里布行	9088 棉里布	黑色		0.04	15	8.00	8.00	
1011	XQ068	辅料	东莞市虎门永恒拉链厂	3号隐形拉链	黑色24寸		1	10	2.10	2.10	
1011	XQ068	辅料	嘉丰松紧带	橡筋	黑色1/4宽		0.36	10	0.25	0.25	
1011	XQ068	面料		蜡布-紫色肯特（涤）	紫色肯特	112	3.13	15	4.50	4.50	
1011	XQ068	面料		蜡布	黄绿黑肯特		3.13	10	4.50	4.50	
1011	XQ068	主面料		涤蜡布-紫黄肯特	印花色		3.13	5	4.50	4.50	
1011	XQ068	主面料		蜡布-杂色	黄底印花		3.13	5	4.50	4.50	
1011	XQ068	主面料		蜡布	蜡布绿圆涤布		3.13	10	4.50	4.50	
1011	XQ068	主面料		蜡布-黄底红圆	黄底红圆		3.13	8	4.50	4.50	
1011	XQ068	主面料		菱形印花蜡布	菱形印花蜡布		3.13	10	4.50	4.50	
1011	XQ068	主面料		蜡布-杂色	浅蓝色		3.13	10	4.50	4.50	
1011	XQ068	主面料		蜡布-新紫色肯特	新紫色肯特		3.13	10	4.50	4.50	
13072	XQ123	主面料		蜡布	白底绿条		2.33	10	3.00	3.00	
13072	XQ123	辅料		橡筋	黑色		1	10	0.60	0.60	
13072	XQ123	主面料		蜡布-杂色	藏蓝底印花		2.33	10	3.00	3.00	
5788	XQTJ001头巾	主面料		蜡布-杂色	绿色		1	10	4.50	4.50	
5788	XQTJ001头巾	主面料		菱形印花蜡布	菱形印花蜡布		0.9	10	4.50	4.50	
5788	XQTJ001头巾	主面料		新紫色肯特蜡布	新紫色肯特蜡布		0.9	10	4.50	4.50	
5788	XQTJ001头巾	主面料		涤蜡布-黄绿黑肯特	黄绿黑肯特		0.9	10	4.50	4.50	
5788	XQTJ001头巾	主面料		蜡布印花	白底迷彩圆涤布		0.9	10	4.50	4.50	
5788	XQTJ001头巾	主面料		蜡布	绿底印花		0.9	10	4.50	4.50	
5788	XQTJ001头巾	主面料		蜡布印花	绿园涤布		0.9	10	4.50	4.50	
5788	XQTJ001头巾	主面料		随机色蜡布	黄底印花		0.9	10	4.50	4.50	
5788	XQTJ001头巾	主面料		蜡布	蓝底印花		0.9	10	4.50	4.50	
5788	XQTJ001头巾	主面料		蜡布	黄底红园		0.9	10	4.50	4.50	
5788	XQTJ001头巾	主面料		橙绿肯特	橙绿肯特		0.9	15	4.50	4.50	
5788	XQTJ001头巾	主面料		蜡布-杂色	深蓝撞红色		0.9	10	4.50	4.50	
3528	YOU220210	主面料	鸿胜布行	蜡布-新迷彩圆（涤）	新迷彩圆（涤）		2.94	12	4.50	4.50	整件
3528	YOU220210	主面料		蜡布-白底迷彩圆（涤）	白园		2.94	10	4.50	4.50	
11942	YQ102	主面料		蜡布-白底迷彩圆（涤）	白底迷彩圆（涤		2.83	15	4.00	4.00	
11942	YQ102	辅料		橡筋	黑色 21/2宽		0.5	10	0.60	0.60	
6579	YQ262	主面料		蜡布-红底贝壳	红底贝壳		3.16	10	3.00	3.00	
6579	YQ262	辅料		橡筋	白色/2.5寸		0.5	3	0.45	0.45	
6619	YQ265	主面料		蜡布-新迷彩圆（涤）	新迷彩圆（涤）		3.5	10	4.50	4.50	
6619	YQ265	辅料		橡筋	白色		1	3	0.40	0.40	
6621	YQ267	主面料		蜡布-白底迷彩圆（涤）	白底迷彩圆（涤）		2.42	15	4.50	4.50	
6621	YQ267	辅料		1/4宽橡筋	白色		0.8	15	0.15	0.15	
6621	YQ267	辅料		3号隐形拉链18寸	黑色		1	3	1.50	1.50	
6621	YQ267	主面料		蜡布-黄底红圆	黄底红圆		2.42	10	4.50	4.50	
6621	YQ267	主面料		蜡布-新迷彩圆（涤）	新迷彩圆（涤）		2.42	10	4.50	4.50	
6647	YQ270	主面料		菱形印花蜡布	菱形印花蜡布		3.98	10	3.00	3.00	
6647	YQ270	辅料		5号隐形拉链	黑色12寸		1	3	1.50	1.50	
6647	YQ270	主面料		蜡布-黄底红圆	黄底红圆		3.98	10	3.00	3.00	
6647	YQ270	主面料		蜡布绿圆涤布	蜡布绿圆涤布		3.98	10	3.00	4.50	
6647	YQ270	主面料		蜡布-杂色	波浪印花		3.98	10	3.00	3.00	
6647	YQ270	主面料		蜡布	黄色底花		3.98	10	3.00	3.00	
6647	YQ270	主面料		蜡布	绿色		3.98	10	3.00	3.00	
7988	YQ289	主面料		随机色蜡布	随机蜡布棉	112	2.97	10	3.00	4.50	
7988	YQ289	辅料		橡筋	黑色21/2		0.8	10	0.72	0.72	
12580	YQ328	主面料		蜡布	橙色肯特		2.0	10	3.50	3.50	
12580	YQ328	面料		伟业纺织	黑色直贡尼		0.47	10	9.00	9.00	
12580	YQ328	辅料		3号隐形拉链	黑色		1	3	1.50	1.50	
12580	YQ328	辅料		主布包扣	黑色		9	3	0.20	0.20	
12873	YQ339	主面料		蜡布-新紫色肯特	新紫色肯特		4.1	10	3.00	3.00	
12873	YQ339	辅料		3号隐形拉链	黑色		1	10	1.50	1.50	
12873	YQ339	辅料		橡筋	黑色		0.6	10	0.40	0.40	
12873	YQ339	辅料		调节扣	银色1cm		2	10	0.60	0.60	
12873	YQ339	主面料		涤蜡布-黄绿黑肯特	黄绿黑肯特		4.1	10	3.00	3.00	
12873	YQ339	主面料		蜡布	颜色1		4.1	10	3.00	3.00	
13270	YQ341	主面料		蜡布	颜色1		2.02	10	3.00	3.00	
13273	YQ344	主面料		随机色蜡布	随机		3.26	10	3.00	3.00	
13273	YQ344	辅料		橡筋	黑色3寸宽		1	10	1.00	1.00	
13274	YQ345	主面料		蜡布	颜色1		3.08	10	3.00	3.00	
13274	YQ345	辅料		橡筋	黑色6cm		0.5	10	0.60	0.60	
13274	YQ345	辅料		蘑菇扣	黑色		1	3	0.15	0.15	
13274	YQ345	辅料		橡筋耳仔	黑色		0.1	10	2.00	2.00	
2623	YZ281	主面料		蜡布-白底迷彩圆（涤）	白底迷彩圆（涤）		3	10	3.30	4.50	
2623	YZ281	主面料		蜡布	橙绿肯特		3	3	4.00	4.00	
2623	YZ281	主面料		蜡布-新紫色肯特	新紫色肯特		3	10	4.00	4.00	
2623	YZ281	主面料		粉底正方形印花	粉色底花		3	10	4.00	4.00	
2623	YZ281	主面料		蜡布-杂色	宝蓝底彩花		3	10	4.00	4.00	
2623	YZ281	主面料		蜡布-绿色圆（涤）	绿色圆（涤）		3	10	4.00	4.00	
13007	ZE048	主面料		德胜针织	白色	150	1.0	10	32.00	32.00	
13007	ZE048	面料		祥盛螺纹	配主布色1x1螺纹		0.03	10	40.00	40.00	
13474	ZE057	主面料	超越纺织	超越纺织	56#棕色	150	2.3	15	20.50	20.50	
13474	ZE057	里布	华成里布行	四面弹里布	652#棕色	145	1.95	10	5.50	5.50	
13474	ZE057	辅料	前卫衬朴	西装朴	黑色	120	0.68	10	4.50	4.50	
13474	ZE057	辅料	肩棉 胸棉 大丰辅料	肩棉	黑色（小的）		1	3	1.50	1.50	
13474	ZE057	辅料	利泰辅料	暗扣	2.2CM透明		6	3	1.00	1.00	
13474	ZE057	辅料	精彩花边绣品铺料	精采花边	白色2 1/4宽		0.7	10	3.50	3.50	
13476	ZE058	主面料	港源麻棉	港源棉麻	139#浅灰色	135	1.16	15	16.00	16.00	
13476	ZE058	辅料	前卫衬朴	针织朴	白色	120	0.35	10	1.80	1.80	
13476	ZE058	辅料	东莞市虎门永恒拉链厂	3号隐形拉链	配主布颜色		1	3	2.00	2.00	
13540	ZE079	主面料	鸿利纺织	鸿利纺织	蓝色	160	1.6	15	26.00	26.00	
13540	ZE079	面料	祥盛罗纹	罗纹2X2	配主布颜色	120	0.25	15	40.00	40.00	
13540	ZE079	辅料	东莞市虎门永恒拉链厂	5号金属开尾拉链	配主布颜色（银牙）		1	3	5.00	5.00	
13540	ZE079	辅料	棉绳 恒发辅料	人字带	配主布颜色		0.6	10	0.50	0.50	
13743	ZE080	主面料		成品服装7	白色		1	1	15.00	15.00	
11810	ZFF00102	主面料		恒嘉纺织	AF67#1号色		1.2	8	13.50	13.50	
11810	ZFF00102	辅料		腰绳	白色橡胶头		1	3	1.20	1.20	
11810	ZFF00102	辅料		橡筋	白色/黑色5cm		1	10	0.60	0.60	
11810	ZFF00102	主面料		恒嘉纺织	2号黑色		1.2	8	13.50	13.50	
11810	ZFF00102	主面料		恒嘉纺织	杏色		1.2	8	13.50	13.50	
11810	ZFF00102	里布		四面弹里布	配主布色		0.2	10	5.00	5.00	
570	ZH021	主面料		蜡布-白底迷彩圆涤布	白底迷彩圆	112	2.5	10	3.00	4.50	主布
570	ZH021	辅料	嘉丰松紧带	橡筋	黑色1 3/4		0.5	10	0.60	0.60	后幅
570	ZH021	主面料		蜡布-橙圆（涤）	橙色	112	2.5	15	4.50	4.50	
570	ZH021	主面料		蜡布新迷彩圆涤布	新迷彩圆	112	2.5	15	4.50	4.50	
570	ZH021	主面料		蜡布绿圆涤布	蜡布绿圆涤布	112	2.5	15	4.50	4.50	
570	ZH021	主面料		蜡布印花	深蓝撞红色		2.5	8	4.50	4.50	
570	ZH021	主面料		蜡布-杂色	绿底印花		2.5	8	4.50	4.50	
570	ZH021	主面料		蜡布-黄底红圆	黄底红圆		2.5	8	4.50	4.50	
570	ZH021	主面料		蜡布	蓝色底印花		2.5	10	4.50	4.50	
570	ZH021	主面料		菱形印花蜡布	菱形印花蜡布		2.5	10	4.50	4.50	
570	ZH021	主面料		涤蜡布-图形印花	图形印花		2.5	10	4.50	4.50	
1022	ZH099	辅料	创亿辅料（橡筋）	橡筋	黑色2 1/4		0.6	10	0.80	0.80	
1022	ZH099	主面料		蜡布-白底迷彩圆（涤）	白底迷彩圆（涤）	112	2.28	15	3.00	4.50	
1022	ZH099	主面料		蜡布-新迷彩圆（涤）	新迷彩圆（涤）	112	2.28	15	3.00	4.50	
1022	ZH099	主面料		蜡布-绿圆涤	绿色	112	2.28	15	3.00	4.50	
1022	ZH099	主面料		蜡布	黄底蓝条		2.28	10	3.00	5.00	
1022	ZH099	主面料	新登封蜡布	随机色蜡布	深绿色		2.28	15	3.00	4.50	
1022	ZH099	主面料		涤蜡布-白底叶子	白底叶子		2.28	15	3.00	4.50	
1022	ZH099	主面料		蜡布-黄底红圆	黄底红圆		2.28	10	3.00	4.50	
1022	ZH099	主面料		橙绿肯特	橙绿肯特		2.28	10	3.00	4.50	
1022	ZH099	主面料		新紫色肯特蜡布	新紫色肯特蜡布		2.28	10	3.00	4.50	
1022	ZH099	主面料		蜡布-杂色	粉底印花		2.28	10	3.00	4.00	
14059	ZH100	主面料		蜡布-白底迷彩圆（涤）	白底迷彩圆（涤）	112	2.28	15	3.00	4.50	
1417	ZH101	主面料	聚能蜡布	蜡布-新迷彩圆（涤）	新迷彩圆（涤）	112	2.83	10	4.00	4.00	
1417	ZH101	辅料	嘉丰松紧带	橡筋	黑色2 1/2		0.5	10	0.80	0.80	
1417	ZH101	主面料	聚能蜡布	蜡布-绿色圆（涤）	绿色	112	2.83	15	4.50	4.50	
1417	ZH101	主面料		涤蜡布-黄绿黑肯特	黄绿黑肯特		2.85	10	4.50	4.50	
1417	ZH101	主面料		蜡布-白底迷彩圆（涤）	白底迷彩圆（涤）		2.83	10	3.00	3.00	
1417	ZH101	主面料		蜡布-杂色	蓝色字母		3	8	3.00	3.00	
1417	ZH101	主面料		蜡布-杂色	蓝绿色勾圈		3	8	3.00	4.50	
1417	ZH101	主面料		蜡布-黄底红圆	黄底红圆		2.83	8	4.50	4.50	
1417	ZH101	主面料		新紫色肯特蜡布	新紫色肯特蜡布		2.83	10	4.50	4.50	
1417	ZH101	主面料		菱形印花蜡布	菱形印花蜡布		2.83	10	4.50	4.50	
1417	ZH101	主面料		蜡布-杂色	紫色花朵		2.83	10	4.50	4.50	
1417	ZH101	主面料		蜡布-蓝紫红印花(棉）	红绿蓝花蜡布		2.83	10	4.50	4.50	
1417	ZH101	主面料		蜡布	蓝色印花		2.83	15	4.50	4.50	
1417	ZH101	主面料		蜡布-杂色	红底黑格		2.83	15	4.50	4.50	
1417	ZH101	主面料		随机色蜡布	黄黑格子		2.83	10	4.50	4.50	
1417	ZH101	主面料		橙绿肯特	橙绿肯特		2.83	10	4.50	4.50	
8305	ZMJ015	主面料		成衣采购	黑色		1	1	35.00	35.00	
